Column1,Column2,Column3,Column4,Column5,Column6,Column7,Column8,Column9,Column10,Column11,Column12,Column13,Column14,Column15,Column16,Column17,Column18,Column19,Column20,Column21,Column22,Column23,Column24,Column25,Column26,Column27,Column28,Column29,Column30,Column31,Column32,Column33,Column34,Column35,Column36,Column37,Column38,Column39,Column40,Column41,Column42,Column43,Column44,Column45,Column46,Column47,Column48,Column49,Column50,Column51,Column52,Column53,Column54,Column55,Column56,Column57,Column58,Column59,Column60,Column61,Column62,Column63,Column64,Column65,Column66,Column67,Column68,Column69,Column70,Column71,Column72,Column73,Column74,Column75,Column76,Column77,Column78,Column79,Column80,Column81
StartDate,EndDate,Status,IPAddress,Progress,Duration (in seconds),Finished,RecordedDate,ResponseId,RecipientLastName,RecipientFirstName,RecipientEmail,ExternalReference,LocationLatitude,LocationLongitude,DistributionChannel,UserLanguage,Q3,Q15,Q16,Q11,Q12,Q14,Q15,Q15_5_TEXT,Q4_1,Q4_2,Q4_3,Q4_4,Q4_5,Q4_6,Q4_7,Q4_8,Q4_9,Q4_10,Q9_1,Q9_2,Q9_3,Q9_4,Q9_5,Q9_6,Q9_7,Q9_8,Q9_9,Q9_10,Q9_11,Q11_1,Q11_2,Q11_3,Q11_4,Q11_5,Q11_6,Q11_7,Q11_8,Q11_9,Q11_10,Q11_11,Q11_12,Q11_13,Q11_14,Q11_15,Q11_16,Q11_17,Q11_18,Q11_19,Q11_20,Q11_21,Q11_22,Q11_23,Q11_24,Q11_25,Q10_1,Q10_2,Q10_3,Q10_4,Q10_5,Q10_6,Q10_7,Q10_8,Q10_9,Q10_10
Start Date,End Date,Response Type,IP Address,Progress,Duration (in seconds),Finished,Recorded Date,Response ID,Recipient Last Name,Recipient First Name,Recipient Email,External Data Reference,Location Latitude,Location Longitude,Distribution Channel,User Language,หลังจากทราบถึงรายละเอียดเกี่ยวกับงานวิจัยนี้แล้ว คุณยินยอมที่จะเข้าร่วมงานวิจัยหรือไม่,เพศ,"อายุ
(ระบุเป็นตัวเลขเท่านั้น เช่น 20)","คณะที่กำลังศึกษา
(ระบุเฉพาะชื่อคณะ เช่น จิตวิทยา)",สถาบันที่กำลังศึกษา,ชั้นปีที่กำลังศึกษา,เครื่องมือสื่อสารที่มีในครอบครองและใช้งาน (เลือกตอบได้มากกว่า 1) - Selected Choice,เครื่องมือสื่อสารที่มีในครอบครองและใช้งาน (เลือกตอบได้มากกว่า 1) - อื่น ๆ (โปรดระบุ) - Text,"ข้อความต่อไปนี้เกี่ยวกับชีวิตการเรียนในช่วง 6 เดือนที่ผ่านมา ขอให้คุณประเมินว่าข้อความดังกล่าวเกิดขึ้นกับคุณบ่อยแค่ไหน

1 = ไม่เคย หรือแทบจะไม่เคย
2 = น้อยครั้ง
3 = บางครั้ง
4 = บ่อยครั้ง
5 = ทุกครั้ง หรือเกือบทุกครั้ง - 1. การสอบทำให้ฉันเครียดมากจนเกินไป","ข้อความต่อไปนี้เกี่ยวกับชีวิตการเรียนในช่วง 6 เดือนที่ผ่านมา ขอให้คุณประเมินว่าข้อความดังกล่าวเกิดขึ้นกับคุณบ่อยแค่ไหน

1 = ไม่เคย หรือแทบจะไม่เคย
2 = น้อยครั้ง
3 = บางครั้ง
4 = บ่อยครั้ง
5 = ทุกครั้ง หรือเกือบทุกครั้ง - 2. ฉันรู้สึกว่าฉันพยายามมากเกินไปเมื่อเทียบกับผลลัพธ์อันน้อยนิดที่ฉันได้รับ","ข้อความต่อไปนี้เกี่ยวกับชีวิตการเรียนในช่วง 6 เดือนที่ผ่านมา ขอให้คุณประเมินว่าข้อความดังกล่าวเกิดขึ้นกับคุณบ่อยแค่ไหน

1 = ไม่เคย หรือแทบจะไม่เคย
2 = น้อยครั้ง
3 = บางครั้ง
4 = บ่อยครั้ง
5 = ทุกครั้ง หรือเกือบทุกครั้ง - 3. ฉันอารมณ์ไม่ดีและเศร้าเล็กน้อยโดยไม่ทราบสาเหตุ","ข้อความต่อไปนี้เกี่ยวกับชีวิตการเรียนในช่วง 6 เดือนที่ผ่านมา ขอให้คุณประเมินว่าข้อความดังกล่าวเกิดขึ้นกับคุณบ่อยแค่ไหน

1 = ไม่เคย หรือแทบจะไม่เคย
2 = น้อยครั้ง
3 = บางครั้ง
4 = บ่อยครั้ง
5 = ทุกครั้ง หรือเกือบทุกครั้ง - 4. มีวันที่ฉันไม่ได้นอนหลับอย่างเพียงพอเพราะการเรียน","ข้อความต่อไปนี้เกี่ยวกับชีวิตการเรียนในช่วง 6 เดือนที่ผ่านมา ขอให้คุณประเมินว่าข้อความดังกล่าวเกิดขึ้นกับคุณบ่อยแค่ไหน

1 = ไม่เคย หรือแทบจะไม่เคย
2 = น้อยครั้ง
3 = บางครั้ง
4 = บ่อยครั้ง
5 = ทุกครั้ง หรือเกือบทุกครั้ง - 5. ฉันมีอาการปวดศีรษะหรือรู้สึกไม่สบายซึ่งกระทบกับการเรียนของฉัน","ข้อความต่อไปนี้เกี่ยวกับชีวิตการเรียนในช่วง 6 เดือนที่ผ่านมา ขอให้คุณประเมินว่าข้อความดังกล่าวเกิดขึ้นกับคุณบ่อยแค่ไหน

1 = ไม่เคย หรือแทบจะไม่เคย
2 = น้อยครั้ง
3 = บางครั้ง
4 = บ่อยครั้ง
5 = ทุกครั้ง หรือเกือบทุกครั้ง - 6. มีหลายวันที่ฉันรู้สึกเหนื่อยและไม่เหลือแรงที่จะมีสมาธิในการเรียน","ข้อความต่อไปนี้เกี่ยวกับชีวิตการเรียนในช่วง 6 เดือนที่ผ่านมา ขอให้คุณประเมินว่าข้อความดังกล่าวเกิดขึ้นกับคุณบ่อยแค่ไหน

1 = ไม่เคย หรือแทบจะไม่เคย
2 = น้อยครั้ง
3 = บางครั้ง
4 = บ่อยครั้ง
5 = ทุกครั้ง หรือเกือบทุกครั้ง - 7. ฉันรู้สึกเหนื่อยใจจากการเรียน","ข้อความต่อไปนี้เกี่ยวกับชีวิตการเรียนในช่วง 6 เดือนที่ผ่านมา ขอให้คุณประเมินว่าข้อความดังกล่าวเกิดขึ้นกับคุณบ่อยแค่ไหน

1 = ไม่เคย หรือแทบจะไม่เคย
2 = น้อยครั้ง
3 = บางครั้ง
4 = บ่อยครั้ง
5 = ทุกครั้ง หรือเกือบทุกครั้ง - 8. ฉันรู้สึกเหนื่อยเมื่อเรียนเสร็จในแต่ละวัน","ข้อความต่อไปนี้เกี่ยวกับชีวิตการเรียนในช่วง 6 เดือนที่ผ่านมา ขอให้คุณประเมินว่าข้อความดังกล่าวเกิดขึ้นกับคุณบ่อยแค่ไหน

1 = ไม่เคย หรือแทบจะไม่เคย
2 = น้อยครั้ง
3 = บางครั้ง
4 = บ่อยครั้ง
5 = ทุกครั้ง หรือเกือบทุกครั้ง - 9. การคิดถึงการสอบทำให้ฉันเครียด","ข้อความต่อไปนี้เกี่ยวกับชีวิตการเรียนในช่วง 6 เดือนที่ผ่านมา ขอให้คุณประเมินว่าข้อความดังกล่าวเกิดขึ้นกับคุณบ่อยแค่ไหน

1 = ไม่เคย หรือแทบจะไม่เคย
2 = น้อยครั้ง
3 = บางครั้ง
4 = บ่อยครั้ง
5 = ทุกครั้ง หรือเกือบทุกครั้ง - 10. ฉันไม่มีเวลาและรู้สึกว่าถูกถาโถมจากภาระงานในการเรียน","ข้อความต่อไปนี้เกี่ยวกับชีวิตการเรียนในช่วง 6 เดือนที่ผ่านมา ขอให้คุณประเมินว่าข้อความดังกล่าวตรงกับคุณมากน้อยแค่ไหน

1 = ไม่ตรงกับฉันเลย
2 = ตรงกับฉันบ้าง
3 = ค่อนข้างตรงกันฉัน
4 = ตรงกับฉันมาก - 1. ในการเรียน ฉันมักกังวลว่าถึงแม้ฉันจะทำดีที่สุดแล้วแต่ผลที่ออกมาก็จะไม่ดีเท่ากับที่ฉันคาดหวังไว้","ข้อความต่อไปนี้เกี่ยวกับชีวิตการเรียนในช่วง 6 เดือนที่ผ่านมา ขอให้คุณประเมินว่าข้อความดังกล่าวตรงกับคุณมากน้อยแค่ไหน

1 = ไม่ตรงกับฉันเลย
2 = ตรงกับฉันบ้าง
3 = ค่อนข้างตรงกันฉัน
4 = ตรงกับฉันมาก - 2. ฉันมีแนวโน้มที่จะเลื่อนภาระงานในการเรียนออกไป เพราะมันทำให้ฉันเครียด","ข้อความต่อไปนี้เกี่ยวกับชีวิตการเรียนในช่วง 6 เดือนที่ผ่านมา ขอให้คุณประเมินว่าข้อความดังกล่าวตรงกับคุณมากน้อยแค่ไหน

1 = ไม่ตรงกับฉันเลย
2 = ตรงกับฉันบ้าง
3 = ค่อนข้างตรงกันฉัน
4 = ตรงกับฉันมาก - 3. ฉันมักกังวลว่าฉันทำงานที่ได้รับมอบหมายออกมาได้ไม่ดี","ข้อความต่อไปนี้เกี่ยวกับชีวิตการเรียนในช่วง 6 เดือนที่ผ่านมา ขอให้คุณประเมินว่าข้อความดังกล่าวตรงกับคุณมากน้อยแค่ไหน

1 = ไม่ตรงกับฉันเลย
2 = ตรงกับฉันบ้าง
3 = ค่อนข้างตรงกันฉัน
4 = ตรงกับฉันมาก - 4. ฉันมีความมั่นใจในเรื่องเรียนค่อนข้างน้อย เทียบกับเพื่อนร่วมชั้น","ข้อความต่อไปนี้เกี่ยวกับชีวิตการเรียนในช่วง 6 เดือนที่ผ่านมา ขอให้คุณประเมินว่าข้อความดังกล่าวตรงกับคุณมากน้อยแค่ไหน

1 = ไม่ตรงกับฉันเลย
2 = ตรงกับฉันบ้าง
3 = ค่อนข้างตรงกันฉัน
4 = ตรงกับฉันมาก - 5. ฉันรู้สึกหวาดกลัวเมื่ออยู่ในห้องเรียน","ข้อความต่อไปนี้เกี่ยวกับชีวิตการเรียนในช่วง 6 เดือนที่ผ่านมา ขอให้คุณประเมินว่าข้อความดังกล่าวตรงกับคุณมากน้อยแค่ไหน

1 = ไม่ตรงกับฉันเลย
2 = ตรงกับฉันบ้าง
3 = ค่อนข้างตรงกันฉัน
4 = ตรงกับฉันมาก - 6. ฉันมักจะรู้สึกว่าอาจารย์ของฉันดูน่าหวั่นเกรง","ข้อความต่อไปนี้เกี่ยวกับชีวิตการเรียนในช่วง 6 เดือนที่ผ่านมา ขอให้คุณประเมินว่าข้อความดังกล่าวตรงกับคุณมากน้อยแค่ไหน

1 = ไม่ตรงกับฉันเลย
2 = ตรงกับฉันบ้าง
3 = ค่อนข้างตรงกันฉัน
4 = ตรงกับฉันมาก - 7. ฉันใช้เวลาส่วนใหญ่ในมหาวิทยาลัยไปกับการกังวลว่าจะมีอะไรเกิดขึ้นต่อไป","ข้อความต่อไปนี้เกี่ยวกับชีวิตการเรียนในช่วง 6 เดือนที่ผ่านมา ขอให้คุณประเมินว่าข้อความดังกล่าวตรงกับคุณมากน้อยแค่ไหน

1 = ไม่ตรงกับฉันเลย
2 = ตรงกับฉันบ้าง
3 = ค่อนข้างตรงกันฉัน
4 = ตรงกับฉันมาก - 8. มีบางอย่างในการเรียนที่ทำให้ฉันรู้สึกกลัว","ข้อความต่อไปนี้เกี่ยวกับชีวิตการเรียนในช่วง 6 เดือนที่ผ่านมา ขอให้คุณประเมินว่าข้อความดังกล่าวตรงกับคุณมากน้อยแค่ไหน

1 = ไม่ตรงกับฉันเลย
2 = ตรงกับฉันบ้าง
3 = ค่อนข้างตรงกันฉัน
4 = ตรงกับฉันมาก - 9. ฉันกังวลว่าเพื่อนร่วมชั้นจะคิดอย่างไรกับความสามารถของฉัน","ข้อความต่อไปนี้เกี่ยวกับชีวิตการเรียนในช่วง 6 เดือนที่ผ่านมา ขอให้คุณประเมินว่าข้อความดังกล่าวตรงกับคุณมากน้อยแค่ไหน

1 = ไม่ตรงกับฉันเลย
2 = ตรงกับฉันบ้าง
3 = ค่อนข้างตรงกันฉัน
4 = ตรงกับฉันมาก - 10. ฉันมักจะรู้สึกไม่สบายใจเมื่อต้องทำงานชิ้นสำคัญที่ได้รับมอบหมายในชั้นเรียน","ข้อความต่อไปนี้เกี่ยวกับชีวิตการเรียนในช่วง 6 เดือนที่ผ่านมา ขอให้คุณประเมินว่าข้อความดังกล่าวตรงกับคุณมากน้อยแค่ไหน

1 = ไม่ตรงกับฉันเลย
2 = ตรงกับฉันบ้าง
3 = ค่อนข้างตรงกันฉัน
4 = ตรงกับฉันมาก - 11. ฉันรับมือกับภาระความรับผิดชอบในการเรียนด้วยความยากลำบาก","ข้อความต่อไปนี้เกี่ยวกับชีวิตการเรียนในช่วง 6 เดือนที่ผ่านมา ขอให้คุณประเมินว่าคุณเห็นด้วยกับข้อความดังกล่าวมากน้อยแค่ไหน

โปรดเลือกตามระดับสเกล
1 คือ ไม่เห็นด้วย, 5 คือ เห็นด้วย - 1. ฉันมักจะจัดสรรเวลาในการตรวจทานงานของฉัน","ข้อความต่อไปนี้เกี่ยวกับชีวิตการเรียนในช่วง 6 เดือนที่ผ่านมา ขอให้คุณประเมินว่าคุณเห็นด้วยกับข้อความดังกล่าวมากน้อยแค่ไหน

โปรดเลือกตามระดับสเกล
1 คือ ไม่เห็นด้วย, 5 คือ เห็นด้วย - 2. ฉันเลื่อนการทำโครงงานในวิชาเรียนออกไปจนวินาทีสุดท้าย","ข้อความต่อไปนี้เกี่ยวกับชีวิตการเรียนในช่วง 6 เดือนที่ผ่านมา ขอให้คุณประเมินว่าคุณเห็นด้วยกับข้อความดังกล่าวมากน้อยแค่ไหน

โปรดเลือกตามระดับสเกล
1 คือ ไม่เห็นด้วย, 5 คือ เห็นด้วย - 3. ฉันพบว่าตนเองมักจะรอจนกว่าจะเหลือเวลาแค่ 1 วันแล้วจึงเริ่มทำโครงงานชิ้นใหญ่ของวิชา","ข้อความต่อไปนี้เกี่ยวกับชีวิตการเรียนในช่วง 6 เดือนที่ผ่านมา ขอให้คุณประเมินว่าคุณเห็นด้วยกับข้อความดังกล่าวมากน้อยแค่ไหน

โปรดเลือกตามระดับสเกล
1 คือ ไม่เห็นด้วย, 5 คือ เห็นด้วย - 4. ฉันรู้ว่าตนเองควรจะลงมือทำงานต่าง ๆ ของวิชา แต่ฉันกลับไม่ทำมัน","ข้อความต่อไปนี้เกี่ยวกับชีวิตการเรียนในช่วง 6 เดือนที่ผ่านมา ขอให้คุณประเมินว่าคุณเห็นด้วยกับข้อความดังกล่าวมากน้อยแค่ไหน

โปรดเลือกตามระดับสเกล
1 คือ ไม่เห็นด้วย, 5 คือ เห็นด้วย - 5. ขณะที่กำลังทำงานต่าง ๆ ของวิชา ฉันมักจะเสียสมาธิไปกับสิ่งอื่น ๆ","ข้อความต่อไปนี้เกี่ยวกับชีวิตการเรียนในช่วง 6 เดือนที่ผ่านมา ขอให้คุณประเมินว่าคุณเห็นด้วยกับข้อความดังกล่าวมากน้อยแค่ไหน

โปรดเลือกตามระดับสเกล
1 คือ ไม่เห็นด้วย, 5 คือ เห็นด้วย - 6. ฉันเสียเวลาไปมากกับสิ่งต่าง ๆ ที่ไม่สำคัญ","ข้อความต่อไปนี้เกี่ยวกับชีวิตการเรียนในช่วง 6 เดือนที่ผ่านมา ขอให้คุณประเมินว่าคุณเห็นด้วยกับข้อความดังกล่าวมากน้อยแค่ไหน

โปรดเลือกตามระดับสเกล
1 คือ ไม่เห็นด้วย, 5 คือ เห็นด้วย - 7. ฉันมักจะเสียสมาธิไปกับสิ่งอื่น ๆ ที่น่าสนุกกว่า ในตอนที่ควรจะทำงานต่าง ๆ ของวิชา","ข้อความต่อไปนี้เกี่ยวกับชีวิตการเรียนในช่วง 6 เดือนที่ผ่านมา ขอให้คุณประเมินว่าคุณเห็นด้วยกับข้อความดังกล่าวมากน้อยแค่ไหน

โปรดเลือกตามระดับสเกล
1 คือ ไม่เห็นด้วย, 5 คือ เห็นด้วย - 8. ฉันจดจ่อกับงานต่าง ๆ ของวิชาแทนที่จะเป็นสิ่งล่อใจอื่น ๆ","ข้อความต่อไปนี้เกี่ยวกับชีวิตการเรียนในช่วง 6 เดือนที่ผ่านมา ขอให้คุณประเมินว่าคุณเห็นด้วยกับข้อความดังกล่าวมากน้อยแค่ไหน

โปรดเลือกตามระดับสเกล
1 คือ ไม่เห็นด้วย, 5 คือ เห็นด้วย - 9. ฉันไม่สามารถให้ความสนใจกับงานหรือโครงงานต่าง ๆ ของวิชา ได้เกิน 1 ชั่วโมง ก่อนที่จะเสียสมาธิ","ข้อความต่อไปนี้เกี่ยวกับชีวิตการเรียนในช่วง 6 เดือนที่ผ่านมา ขอให้คุณประเมินว่าคุณเห็นด้วยกับข้อความดังกล่าวมากน้อยแค่ไหน

โปรดเลือกตามระดับสเกล
1 คือ ไม่เห็นด้วย, 5 คือ เห็นด้วย - 10. ช่วงความสนใจที่ฉันมีให้งานต่าง ๆ ของวิชานั้นสั้นมาก","ข้อความต่อไปนี้เกี่ยวกับชีวิตการเรียนในช่วง 6 เดือนที่ผ่านมา ขอให้คุณประเมินว่าคุณเห็นด้วยกับข้อความดังกล่าวมากน้อยแค่ไหน

โปรดเลือกตามระดับสเกล
1 คือ ไม่เห็นด้วย, 5 คือ เห็นด้วย - 11. การเตรียมตัวสอบควรจะทำในคืนก่อนหน้าเท่านั้น","ข้อความต่อไปนี้เกี่ยวกับชีวิตการเรียนในช่วง 6 เดือนที่ผ่านมา ขอให้คุณประเมินว่าคุณเห็นด้วยกับข้อความดังกล่าวมากน้อยแค่ไหน

โปรดเลือกตามระดับสเกล
1 คือ ไม่เห็นด้วย, 5 คือ เห็นด้วย - 12. ฉันรู้สึกว่าฉันเตรียมตัวได้เป็นอย่างดีในการสอบส่วนใหญ่","ข้อความต่อไปนี้เกี่ยวกับชีวิตการเรียนในช่วง 6 เดือนที่ผ่านมา ขอให้คุณประเมินว่าคุณเห็นด้วยกับข้อความดังกล่าวมากน้อยแค่ไหน

โปรดเลือกตามระดับสเกล
1 คือ ไม่เห็นด้วย, 5 คือ เห็นด้วย - 13. การเร่งอ่านหนังสืออย่างหนักจนวินาทีสุดท้ายเป็นวิธีที่ดีที่สุดที่ฉันใช้เตรียมตัวในการสอบครั้งสำคัญ","ข้อความต่อไปนี้เกี่ยวกับชีวิตการเรียนในช่วง 6 เดือนที่ผ่านมา ขอให้คุณประเมินว่าคุณเห็นด้วยกับข้อความดังกล่าวมากน้อยแค่ไหน

โปรดเลือกตามระดับสเกล
1 คือ ไม่เห็นด้วย, 5 คือ เห็นด้วย - 14. ฉันมีการจัดสรรเวลา ทำให้ไม่จำเป็นต้องเร่งอ่านหนังสือในช่วงท้ายของภาคการศึกษา","ข้อความต่อไปนี้เกี่ยวกับชีวิตการเรียนในช่วง 6 เดือนที่ผ่านมา ขอให้คุณประเมินว่าคุณเห็นด้วยกับข้อความดังกล่าวมากน้อยแค่ไหน

โปรดเลือกตามระดับสเกล
1 คือ ไม่เห็นด้วย, 5 คือ เห็นด้วย - 15. ฉันทบทวนบทเรียนแค่คืนก่อนสอบเท่านั้น","ข้อความต่อไปนี้เกี่ยวกับชีวิตการเรียนในช่วง 6 เดือนที่ผ่านมา ขอให้คุณประเมินว่าคุณเห็นด้วยกับข้อความดังกล่าวมากน้อยแค่ไหน

โปรดเลือกตามระดับสเกล
1 คือ ไม่เห็นด้วย, 5 คือ เห็นด้วย - 16. ถ้ากำหนดส่งงานเป็นเวลาเที่ยงคืน ฉันจะทำงานจนกระทั่ง 23:59 น.","ข้อความต่อไปนี้เกี่ยวกับชีวิตการเรียนในช่วง 6 เดือนที่ผ่านมา ขอให้คุณประเมินว่าคุณเห็นด้วยกับข้อความดังกล่าวมากน้อยแค่ไหน

โปรดเลือกตามระดับสเกล
1 คือ ไม่เห็นด้วย, 5 คือ เห็นด้วย - 17. เมื่อได้รับมอบหมายงาน ฉันจะเก็บมันไว้และลืมมันไปจนกระทั่งใกล้ถึงกำหนดส่ง","ข้อความต่อไปนี้เกี่ยวกับชีวิตการเรียนในช่วง 6 เดือนที่ผ่านมา ขอให้คุณประเมินว่าคุณเห็นด้วยกับข้อความดังกล่าวมากน้อยแค่ไหน

โปรดเลือกตามระดับสเกล
1 คือ ไม่เห็นด้วย, 5 คือ เห็นด้วย - 18. เพื่อน ๆ มักจะทำให้ฉันเสียสมาธิจากการทำงานต่าง ๆ ของวิชา","ข้อความต่อไปนี้เกี่ยวกับชีวิตการเรียนในช่วง 6 เดือนที่ผ่านมา ขอให้คุณประเมินว่าคุณเห็นด้วยกับข้อความดังกล่าวมากน้อยแค่ไหน

โปรดเลือกตามระดับสเกล
1 คือ ไม่เห็นด้วย, 5 คือ เห็นด้วย - 19. ฉันพบว่าตัวเองใช้เวลาพูดคุยกับเพื่อนหรือครอบครัว แทนที่จะทำงานต่าง ๆ ของวิชา","ข้อความต่อไปนี้เกี่ยวกับชีวิตการเรียนในช่วง 6 เดือนที่ผ่านมา ขอให้คุณประเมินว่าคุณเห็นด้วยกับข้อความดังกล่าวมากน้อยแค่ไหน

โปรดเลือกตามระดับสเกล
1 คือ ไม่เห็นด้วย, 5 คือ เห็นด้วย - 20. ในวันหยุดสุดสัปดาห์ ฉันวางแผนจะทำงานและโครงงานต่าง ๆ ของวิชา แต่ฉันมักจะเสียสมาธิและออกไปพบปะเพื่อน ๆ","ข้อความต่อไปนี้เกี่ยวกับชีวิตการเรียนในช่วง 6 เดือนที่ผ่านมา ขอให้คุณประเมินว่าคุณเห็นด้วยกับข้อความดังกล่าวมากน้อยแค่ไหน

โปรดเลือกตามระดับสเกล
1 คือ ไม่เห็นด้วย, 5 คือ เห็นด้วย - 21. ฉันมีแนวโน้มที่จะเลื่อนงานต่าง ๆ ไปทำในวันถัดไป","ข้อความต่อไปนี้เกี่ยวกับชีวิตการเรียนในช่วง 6 เดือนที่ผ่านมา ขอให้คุณประเมินว่าคุณเห็นด้วยกับข้อความดังกล่าวมากน้อยแค่ไหน

โปรดเลือกตามระดับสเกล
1 คือ ไม่เห็นด้วย, 5 คือ เห็นด้วย - 22. ฉันไม่ค่อยใช้เวลาไปกับการศึกษาเนื้อหาของวิชาต่าง ๆ มากนัก จนกว่าจะถึงช่วง ท้ายของภาคการศึกษา","ข้อความต่อไปนี้เกี่ยวกับชีวิตการเรียนในช่วง 6 เดือนที่ผ่านมา ขอให้คุณประเมินว่าคุณเห็นด้วยกับข้อความดังกล่าวมากน้อยแค่ไหน

โปรดเลือกตามระดับสเกล
1 คือ ไม่เห็นด้วย, 5 คือ เห็นด้วย - 23. ฉันพบว่าตนเองมักจะเลื่อนกำหนดในการทำงานชิ้นสำคัญออกไป","ข้อความต่อไปนี้เกี่ยวกับชีวิตการเรียนในช่วง 6 เดือนที่ผ่านมา ขอให้คุณประเมินว่าคุณเห็นด้วยกับข้อความดังกล่าวมากน้อยแค่ไหน

โปรดเลือกตามระดับสเกล
1 คือ ไม่เห็นด้วย, 5 คือ เห็นด้วย - 24. ถ้าฉันไม่เข้าใจเนื้อหาบางอย่าง ก็มักจะปล่อยทิ้งไว้จนกระทั่งคืนก่อนสอบ แล้วค่อยทำความเข้าใจมัน","ข้อความต่อไปนี้เกี่ยวกับชีวิตการเรียนในช่วง 6 เดือนที่ผ่านมา ขอให้คุณประเมินว่าคุณเห็นด้วยกับข้อความดังกล่าวมากน้อยแค่ไหน

โปรดเลือกตามระดับสเกล
1 คือ ไม่เห็นด้วย, 5 คือ เห็นด้วย - 25. ฉันอ่านตำราและสไลด์ก่อนที่จะเข้าเรียน ฟังการบรรยาย หรือพบอาจารย์","ข้อความต่อไปนี้เกี่ยวกับพฤติกรรมการใช้โทรศัพท์ในช่วง 6 เดือนที่ผ่านมา ขอให้คุณประเมินว่าข้อความดังกล่าวเกิดขึ้นในชีวิตประจำวันของคุณบ่อยแค่ไหน

โปรดเลือกตามระดับสเกล
 1 คือ ไม่เคยเลย, 4 คือ บางครั้ง, 7 คือ ตลอดเวลา

*หมายเหตุ ""โทรศัพท์"" ในที่นี้แทนถึงโทรศัพท์มือถือ แท็บเล็ต และอุปกรณ์สื่อสารอิเล็กทรอนิกส์ที่คุณใช้ - 1. บ่อยแค่ไหนที่คุณเปิด โทรศัพท์ขึ้นมาเพื่อทำบางอย่าง แต่กลับไปทำอย่างอื่นโดยไม่ทันรู้ตัว","ข้อความต่อไปนี้เกี่ยวกับพฤติกรรมการใช้โทรศัพท์ในช่วง 6 เดือนที่ผ่านมา ขอให้คุณประเมินว่าข้อความดังกล่าวเกิดขึ้นในชีวิตประจำวันของคุณบ่อยแค่ไหน

โปรดเลือกตามระดับสเกล
 1 คือ ไม่เคยเลย, 4 คือ บางครั้ง, 7 คือ ตลอดเวลา

*หมายเหตุ ""โทรศัพท์"" ในที่นี้แทนถึงโทรศัพท์มือถือ แท็บเล็ต และอุปกรณ์สื่อสารอิเล็กทรอนิกส์ที่คุณใช้ - 2. บ่อยแค่ไหนที่คุณเล่นโทรศัพท์ในขณะที่กำลังพูดคุยกับบุคคลอื่นอยู่ด้วย","ข้อความต่อไปนี้เกี่ยวกับพฤติกรรมการใช้โทรศัพท์ในช่วง 6 เดือนที่ผ่านมา ขอให้คุณประเมินว่าข้อความดังกล่าวเกิดขึ้นในชีวิตประจำวันของคุณบ่อยแค่ไหน

โปรดเลือกตามระดับสเกล
 1 คือ ไม่เคยเลย, 4 คือ บางครั้ง, 7 คือ ตลอดเวลา

*หมายเหตุ ""โทรศัพท์"" ในที่นี้แทนถึงโทรศัพท์มือถือ แท็บเล็ต และอุปกรณ์สื่อสารอิเล็กทรอนิกส์ที่คุณใช้ - 3. บ่อยแค่ไหนที่คุณพบว่าคุณกำลังเล่นโทรศัพท์ทั้งที่ไม่มีเหตุผลใดเป็นพิเศษ","ข้อความต่อไปนี้เกี่ยวกับพฤติกรรมการใช้โทรศัพท์ในช่วง 6 เดือนที่ผ่านมา ขอให้คุณประเมินว่าข้อความดังกล่าวเกิดขึ้นในชีวิตประจำวันของคุณบ่อยแค่ไหน

โปรดเลือกตามระดับสเกล
 1 คือ ไม่เคยเลย, 4 คือ บางครั้ง, 7 คือ ตลอดเวลา

*หมายเหตุ ""โทรศัพท์"" ในที่นี้แทนถึงโทรศัพท์มือถือ แท็บเล็ต และอุปกรณ์สื่อสารอิเล็กทรอนิกส์ที่คุณใช้ - 4. บ่อยแค่ไหนที่คุณเล่น โทรศัพท์โดยอัตโนมัติทั้งที่ไม่มีจุดประสงค์ที่ชัดเจน","ข้อความต่อไปนี้เกี่ยวกับพฤติกรรมการใช้โทรศัพท์ในช่วง 6 เดือนที่ผ่านมา ขอให้คุณประเมินว่าข้อความดังกล่าวเกิดขึ้นในชีวิตประจำวันของคุณบ่อยแค่ไหน

โปรดเลือกตามระดับสเกล
 1 คือ ไม่เคยเลย, 4 คือ บางครั้ง, 7 คือ ตลอดเวลา

*หมายเหตุ ""โทรศัพท์"" ในที่นี้แทนถึงโทรศัพท์มือถือ แท็บเล็ต และอุปกรณ์สื่อสารอิเล็กทรอนิกส์ที่คุณใช้ - 5. บ่อยแค่ไหนที่คุณเล่น โทรศัพท์เพียงเพราะเป็นนิสัยที่เคยชิน","ข้อความต่อไปนี้เกี่ยวกับพฤติกรรมการใช้โทรศัพท์ในช่วง 6 เดือนที่ผ่านมา ขอให้คุณประเมินว่าข้อความดังกล่าวเกิดขึ้นในชีวิตประจำวันของคุณบ่อยแค่ไหน

โปรดเลือกตามระดับสเกล
 1 คือ ไม่เคยเลย, 4 คือ บางครั้ง, 7 คือ ตลอดเวลา

*หมายเหตุ ""โทรศัพท์"" ในที่นี้แทนถึงโทรศัพท์มือถือ แท็บเล็ต และอุปกรณ์สื่อสารอิเล็กทรอนิกส์ที่คุณใช้ - 6. บ่อยแค่ไหนที่คุณพบว่าคุณกำลังเล่นโทรศัพท์โดยที่ไม่รู้ตัวว่าทำไปเพราะเหตุใด","ข้อความต่อไปนี้เกี่ยวกับพฤติกรรมการใช้โทรศัพท์ในช่วง 6 เดือนที่ผ่านมา ขอให้คุณประเมินว่าข้อความดังกล่าวเกิดขึ้นในชีวิตประจำวันของคุณบ่อยแค่ไหน

โปรดเลือกตามระดับสเกล
 1 คือ ไม่เคยเลย, 4 คือ บางครั้ง, 7 คือ ตลอดเวลา

*หมายเหตุ ""โทรศัพท์"" ในที่นี้แทนถึงโทรศัพท์มือถือ แท็บเล็ต และอุปกรณ์สื่อสารอิเล็กทรอนิกส์ที่คุณใช้ - 7. บ่อยแค่ไหนที่คุณรู้ตัวว่าตนเองเพิ่งจะเล่นโทรศัพท์ไป หลังจากที่ใช้งานมันไปแล้ว","ข้อความต่อไปนี้เกี่ยวกับพฤติกรรมการใช้โทรศัพท์ในช่วง 6 เดือนที่ผ่านมา ขอให้คุณประเมินว่าข้อความดังกล่าวเกิดขึ้นในชีวิตประจำวันของคุณบ่อยแค่ไหน

โปรดเลือกตามระดับสเกล
 1 คือ ไม่เคยเลย, 4 คือ บางครั้ง, 7 คือ ตลอดเวลา

*หมายเหตุ ""โทรศัพท์"" ในที่นี้แทนถึงโทรศัพท์มือถือ แท็บเล็ต และอุปกรณ์สื่อสารอิเล็กทรอนิกส์ที่คุณใช้ - 8. บ่อยแค่ไหนที่คุณพบว่าคุณใช้โทรศัพท์อย่างไม่มีสติ","ข้อความต่อไปนี้เกี่ยวกับพฤติกรรมการใช้โทรศัพท์ในช่วง 6 เดือนที่ผ่านมา ขอให้คุณประเมินว่าข้อความดังกล่าวเกิดขึ้นในชีวิตประจำวันของคุณบ่อยแค่ไหน

โปรดเลือกตามระดับสเกล
 1 คือ ไม่เคยเลย, 4 คือ บางครั้ง, 7 คือ ตลอดเวลา

*หมายเหตุ ""โทรศัพท์"" ในที่นี้แทนถึงโทรศัพท์มือถือ แท็บเล็ต และอุปกรณ์สื่อสารอิเล็กทรอนิกส์ที่คุณใช้ - 9. บ่อยแค่ไหนที่คุณลงเอยด้วยการใช้โทรศัพท์นานกว่าที่คุณตั้งใจ","ข้อความต่อไปนี้เกี่ยวกับพฤติกรรมการใช้โทรศัพท์ในช่วง 6 เดือนที่ผ่านมา ขอให้คุณประเมินว่าข้อความดังกล่าวเกิดขึ้นในชีวิตประจำวันของคุณบ่อยแค่ไหน

โปรดเลือกตามระดับสเกล
 1 คือ ไม่เคยเลย, 4 คือ บางครั้ง, 7 คือ ตลอดเวลา

*หมายเหตุ ""โทรศัพท์"" ในที่นี้แทนถึงโทรศัพท์มือถือ แท็บเล็ต และอุปกรณ์สื่อสารอิเล็กทรอนิกส์ที่คุณใช้ - 10. บ่อยแค่ไหนที่คุณใช้โทรศัพท์จนลืมเวลา"
"{""ImportId"":""startDate"",""timeZone"":""America/Denver""}","{""ImportId"":""endDate"",""timeZone"":""America/Denver""}","{""ImportId"":""status""}","{""ImportId"":""ipAddress""}","{""ImportId"":""progress""}","{""ImportId"":""duration""}","{""ImportId"":""finished""}","{""ImportId"":""recordedDate"",""timeZone"":""America/Denver""}","{""ImportId"":""_recordId""}","{""ImportId"":""recipientLastName""}","{""ImportId"":""recipientFirstName""}","{""ImportId"":""recipientEmail""}","{""ImportId"":""externalDataReference""}","{""ImportId"":""locationLatitude""}","{""ImportId"":""locationLongitude""}","{""ImportId"":""distributionChannel""}","{""ImportId"":""userLanguage""}","{""ImportId"":""QID3""}","{""ImportId"":""QID20""}","{""ImportId"":""QID21_TEXT""}","{""ImportId"":""QID16_TEXT""}","{""ImportId"":""QID17_TEXT""}","{""ImportId"":""QID19""}","{""ImportId"":""QID23""}","{""ImportId"":""QID23_5_TEXT""}","{""ImportId"":""QID4_1""}","{""ImportId"":""QID4_2""}","{""ImportId"":""QID4_3""}","{""ImportId"":""QID4_4""}","{""ImportId"":""QID4_5""}","{""ImportId"":""QID4_6""}","{""ImportId"":""QID4_7""}","{""ImportId"":""QID4_8""}","{""ImportId"":""QID4_9""}","{""ImportId"":""QID4_10""}","{""ImportId"":""QID9_1""}","{""ImportId"":""QID9_2""}","{""ImportId"":""QID9_3""}","{""ImportId"":""QID9_4""}","{""ImportId"":""QID9_5""}","{""ImportId"":""QID9_6""}","{""ImportId"":""QID9_7""}","{""ImportId"":""QID9_8""}","{""ImportId"":""QID9_9""}","{""ImportId"":""QID9_10""}","{""ImportId"":""QID9_11""}","{""ImportId"":""QID11_1""}","{""ImportId"":""QID11_2""}","{""ImportId"":""QID11_3""}","{""ImportId"":""QID11_4""}","{""ImportId"":""QID11_5""}","{""ImportId"":""QID11_6""}","{""ImportId"":""QID11_7""}","{""ImportId"":""QID11_8""}","{""ImportId"":""QID11_9""}","{""ImportId"":""QID11_10""}","{""ImportId"":""QID11_11""}","{""ImportId"":""QID11_12""}","{""ImportId"":""QID11_13""}","{""ImportId"":""QID11_14""}","{""ImportId"":""QID11_15""}","{""ImportId"":""QID11_16""}","{""ImportId"":""QID11_17""}","{""ImportId"":""QID11_18""}","{""ImportId"":""QID11_19""}","{""ImportId"":""QID11_20""}","{""ImportId"":""QID11_21""}","{""ImportId"":""QID11_22""}","{""ImportId"":""QID11_23""}","{""ImportId"":""QID11_24""}","{""ImportId"":""QID11_25""}","{""ImportId"":""QID10_1""}","{""ImportId"":""QID10_2""}","{""ImportId"":""QID10_3""}","{""ImportId"":""QID10_4""}","{""ImportId"":""QID10_5""}","{""ImportId"":""QID10_6""}","{""ImportId"":""QID10_7""}","{""ImportId"":""QID10_8""}","{""ImportId"":""QID10_9""}","{""ImportId"":""QID10_10""}"
13/12/2024 7:41,13/12/2024 7:42,1,,100,7,1,13/12/2024 7:42,R_4nJmt7Ojj9Reacv,,,,,13.6984,100.4638,preview,EN,2,,,,,,,,,,,,,,,,,,,,,,,,,,,,,,,,,,,,,,,,,,,,,,,,,,,,,,,,,,,,,,,
13/12/2024 7:53,13/12/2024 7:54,1,,100,24,1,13/12/2024 7:54,R_431yzP5OP0X3amO,,,,,13.6984,100.4638,preview,EN,1,1,,h,k,3,,,,,,,,,,,,,,,,,,,,,,,,,,,,,,,,,,,,,,,,,,,,,,,,,,,,,,,,,,
14/12/2024 9:13,14/12/2024 9:14,1,,100,61,1,14/12/2024 9:14,R_40q1rxPSG5hJRsR,,,,,13.7618,100.5324,preview,EN,2,,,,,,,,,,,,,,,,,,,,,,,,,,,,,,,,,,,,,,,,,,,,,,,,,,,,,,,,,,,,,,,
14/12/2024 9:14,14/12/2024 9:27,1,,100,820,1,14/12/2024 9:27,R_4oRQXJIv3h3XUUu,,,,,13.7618,100.5324,preview,EN,1,4,21,ww,wwww,4,"1,2,3",,4,4,3,4,2,3,4,5,4,5,3,4,3,4,3,2,4,2,2,3,3,4,3,3,4,4,5,4,3,4,4,3,3,4,2,4,3,4,4,4,4,4,5,4,5,2,5,6,6,7,5,3,2,3,5,5
26/12/2024 1:35,26/12/2024 1:51,0,124.120.154.89,100,955,1,26/12/2024 1:51,R_4k0pIA3yEcoQWYx,,,,,13.6671,100.5775,anonymous,EN,1,2,หห,หห,หห,1,1,-99,1,1,1,1,1,1,1,1,1,1,1,1,1,1,1,1,1,1,1,1,1,1,1,1,1,1,1,1,1,1,1,1,1,1,1,1,1,1,1,1,1,1,1,1,1,1,1,1,1,1,1,1,1,1,2,1
31/12/2024 6:47,31/12/2024 7:00,0,27.55.95.38,100,731,1,31/12/2024 7:00,R_4JwHhA6Q54yxi5X,,,,,13.7618,100.5324,anonymous,EN,1,2,21,จิตวิทยา,จุฬาลงกรณ์มหาวิทยาลัย,4,1,-99,4,3,4,3,5,5,5,4,5,3,3,3,2,2,2,2,2,3,3,2,2,5,3,3,5,4,5,5,3,2,2,4,4,2,2,4,2,3,4,5,4,5,5,5,5,1,7,6,7,7,6,7,6,7,7,7
1/1/2025 2:46,1/1/2025 2:57,0,182.232.209.176,100,659,1,1/1/2025 2:57,R_4HZHKEN1tj6z6OS,,,,,7.0202,100.4718,anonymous,EN,1,2,22,ศิลปศาสตร์,มหาวิทยาลัยธรรมศาสตร์,4,"1,2,3",-99,3,2,4,3,4,3,2,2,3,3,3,2,3,4,2,1,1,3,3,3,1,3,2,2,3,4,5,4,2,2,3,3,3,2,2,3,1,2,3,2,2,4,3,3,3,1,5,6,6,6,6,6,6,6,6,6
1/1/2025 8:48,1/1/2025 8:57,0,182.232.180.201,100,554,1,1/1/2025 8:57,R_4rvSUbQLWuVQALG,,,,,13.7618,100.5324,anonymous,EN,1,2,23,จิตวิทยา,จุฬา?,4,"1,2,3",-99,3,2,2,3,2,2,3,4,3,1,2,1,1,2,1,1,1,1,2,3,1,4,2,1,1,2,3,2,4,2,1,1,4,1,4,1,1,1,2,2,1,1,2,1,1,1,5,6,6,5,5,5,4,5,6,6
2/1/2025 23:36,2/1/2025 23:45,0,1.4.249.0,100,556,1,2/1/2025 23:45,R_4kQkzuq68l2LgWZ,,,,,13.7653,100.4536,anonymous,EN,1,1,23,คณะสถาปัตยกรรม,มหาวิทยาลัยธรรมศาสตร์,4,"1,3",-99,3,3,2,4,3,3,4,4,2,2,3,1,3,2,1,1,1,2,1,1,2,4,1,4,4,4,3,3,3,1,2,4,3,4,4,4,5,4,3,3,4,4,2,4,2,2,5,4,6,6,6,6,6,5,6,6
25/12/2024 1:15,28/12/2024 3:51,0,223.118.51.124,67,268538,0,4/1/2025 3:51,R_4Cbc9xhL8lAEXnP,,,,,,,anonymous,EN,1,2,130,ะถ,พพ,6,1,-99,,,,,,,,,,,,,,,,,,,,,,,,,,,,,,,,,,,,,,,,,,,,,,,,,,,,,,,,
26/12/2024 16:37,28/12/2024 3:55,0,223.118.51.124,93,127083,0,4/1/2025 3:55,R_4DJ4ROH0FvaGMGA,,,,,,,anonymous,EN,1,-99,-99,-99,-99,-99,-99,-99,-99,-99,-99,-99,-99,-99,-99,-99,-99,-99,-99,-99,-99,-99,-99,-99,-99,-99,-99,-99,-99,-99,-99,-99,-99,-99,-99,-99,-99,-99,-99,-99,-99,-99,-99,-99,-99,-99,-99,-99,-99,-99,-99,-99,-99,-99,-99,-99,-99,-99,-99,-99,-99,-99,-99,-99
31/12/2024 0:17,31/12/2024 0:18,0,119.76.35.126,93,40,0,7/1/2025 0:18,R_4qrZY1bG8QiVemX,,,,,,,anonymous,EN,1,-99,-99,-99,-99,-99,-99,-99,-99,-99,-99,-99,-99,-99,-99,-99,-99,-99,-99,-99,-99,-99,-99,-99,-99,-99,-99,-99,-99,-99,-99,-99,-99,-99,-99,-99,-99,-99,-99,-99,-99,-99,-99,-99,-99,-99,-99,-99,-99,-99,-99,-99,-99,-99,-99,-99,-99,-99,-99,-99,-99,-99,-99,-99
1/1/2025 2:49,1/1/2025 2:55,0,124.122.132.45,93,322,0,8/1/2025 2:55,R_4r2p3Jf5BSM1fYc,,,,,13.7063,100.4597,anonymous,EN,1,-99,-99,-99,-99,-99,-99,-99,-99,-99,-99,-99,-99,-99,-99,-99,-99,-99,-99,-99,-99,-99,-99,-99,-99,-99,-99,-99,-99,-99,-99,-99,-99,-99,-99,-99,-99,-99,-99,-99,-99,-99,-99,-99,-99,-99,-99,-99,-99,-99,-99,-99,-99,-99,-99,-99,-99,-99,-99,-99,-99,-99,-99,-99
2/1/2025 0:54,2/1/2025 1:14,0,223.24.164.150,93,1202,0,9/1/2025 1:14,R_494gQ0VSvXSywy1,,,,,13.7063,100.4597,anonymous,EN,1,1,19,-99,-99,-99,1,-99,4,1,3,1,1,1,1,4,1,2,1,2,4,2,2,2,2,4,1,2,2,2,1,1,3,4,5,3,4,4,3,1,3,4,3,1,1,1,2,1,3,3,5,1,1,1,6,4,5,5,7,3,2,2,6,1
18/1/2025 4:39,18/1/2025 4:49,0,158.108.228.53,100,614,1,18/1/2025 4:49,R_437piVBsDJFrvg8,,,,,13.7442,100.4608,anonymous,EN,1,2,22,ศึกษาศาสตร์,มหาวิทยาลัยเกษตรศาสตร์,3,"1,2,3",-99,4,1,3,5,4,5,3,2,2,2,2,3,2,1,1,1,1,2,1,2,2,2,3,2,2,5,3,3,1,5,3,3,2,3,2,1,2,4,1,4,1,5,5,5,4,1,3,3,7,7,5,5,5,3,6,5
18/1/2025 4:50,18/1/2025 5:00,0,49.229.182.58,100,639,1,18/1/2025 5:00,R_4SHp7hOEljLvam9,,,,,13.7749,100.5197,anonymous,EN,1,2,22,คณะเทคนิคการแพทย์,มหาวิทยาลัยมหิดล,3,"1,2,3",-99,3,3,3,5,3,3,3,3,3,3,2,3,3,3,1,1,1,1,3,2,1,3,2,2,2,3,3,3,4,2,3,3,2,4,2,4,1,3,2,3,2,3,3,3,4,3,5,4,5,5,5,5,5,5,5,5
18/1/2025 4:57,18/1/2025 5:05,0,61.19.201.8,100,425,1,18/1/2025 5:05,R_4sLZkki699Kogp3,,,,,14.2834,100.5042,anonymous,EN,1,2,22,แพทยศาสตร์,สงขลานครินทร์,4,"1,2,4",-99,3,2,1,4,3,2,3,3,3,2,3,2,2,1,2,1,1,1,1,2,1,4,1,1,2,4,2,2,4,4,1,1,4,1,4,1,1,1,1,3,1,1,2,1,1,5,5,3,4,4,3,3,5,2,5,5
18/1/2025 5:03,18/1/2025 5:10,0,49.228.102.153,100,385,1,18/1/2025 5:10,R_48ZXNFuiZCKmfyA,,,,,13.7618,100.5324,anonymous,EN,1,2,22,จิตวิทยา,จุฬาลงกรณ์มหาวิทยาลัย,4,"1,2,4",-99,3,2,4,4,3,4,3,3,2,3,2,2,1,1,3,2,2,3,2,2,1,4,3,2,2,4,4,4,3,2,2,1,3,4,2,1,1,2,1,3,3,4,2,2,3,1,4,3,6,5,5,4,5,4,7,4
18/1/2025 5:06,18/1/2025 5:10,0,184.22.103.66,100,283,1,18/1/2025 5:10,R_4QKjEd5LjMWEZKV,,,,,13.6984,100.4638,anonymous,EN,1,2,25,เภสัชศาสตร์,มหาวิทยาลัยสยาม,5,"1,2,3",-99,3,3,2,4,4,2,2,4,2,3,2,2,2,2,1,1,1,1,2,2,1,4,2,2,2,3,3,4,3,1,2,2,3,3,2,2,1,2,2,1,1,2,3,1,4,1,7,7,7,7,7,6,6,5,7,6
18/1/2025 5:04,18/1/2025 5:18,0,27.55.71.145,100,805,1,18/1/2025 5:18,R_4hcMpsgBCvyCMcF,,,,,13.7101,100.4543,anonymous,EN,1,2,22,จิตวิทยา,จุฬาลงกรณ์มหาวิทยาลัย,4,"1,2,3",-99,4,3,2,3,1,2,3,3,5,3,3,4,4,4,2,1,3,4,4,4,3,1,3,1,5,4,4,5,2,3,2,1,2,3,1,3,1,1,3,5,2,5,5,4,1,1,3,4,6,6,7,1,1,4,6,4
18/1/2025 5:10,18/1/2025 5:18,0,171.6.232.209,100,444,1,18/1/2025 5:18,R_4R8Yo5vrIjrpQ80,,,,,8.1206,99.0209,anonymous,EN,1,2,22,แพทยศาสตร์,พระบรมราชชนก,4,"1,2",-99,3,2,3,4,4,5,5,4,3,3,2,3,4,3,1,2,1,3,3,4,4,2,5,5,5,4,4,5,2,3,4,2,3,5,2,1,4,3,2,1,1,4,5,5,2,1,4,5,6,6,6,5,5,5,6,4
18/1/2025 5:17,18/1/2025 5:25,0,182.232.142.143,100,527,1,18/1/2025 5:25,R_4uEd3mpVH3csCSq,,,,,13.7749,100.5197,anonymous,EN,1,2,22,จิตวิทยา,จุฬา,4,"1,2,3",-99,3,1,3,3,1,3,4,3,3,3,1,2,2,2,1,1,1,1,2,1,1,5,1,1,2,3,3,4,4,2,2,1,4,1,5,1,1,1,3,1,1,1,1,2,3,1,3,3,4,5,6,2,2,4,6,6
18/1/2025 5:21,18/1/2025 5:30,0,184.22.105.100,100,500,1,18/1/2025 5:30,R_4jJuLTSvdAVrMLh,,,,,13.733,100.4865,anonymous,EN,1,2,21,จิตวิทยา,จุฬาลงกรณ์มหาวิทยาลัย,4,"1,2,3",-99,2,2,3,4,2,4,2,5,2,3,2,2,3,2,3,2,4,2,4,4,2,3,2,1,1,1,4,3,3,2,1,1,5,1,5,2,1,1,2,1,1,2,2,2,2,1,4,3,5,6,6,6,5,6,5,7
18/1/2025 5:47,18/1/2025 5:54,0,171.99.160.56,100,419,1,18/1/2025 5:54,R_4hlPbK4X2Fc3NdR,,,,,13.6984,100.4638,anonymous,EN,1,2,22,จิตวิทยา,จุฬาลงกรณ์มหาวิทยาลัย,4,"1,2,3",-99,2,2,2,1,1,2,3,3,3,2,3,1,4,1,1,1,1,1,3,1,1,5,1,1,3,3,2,2,4,1,1,1,5,1,5,1,1,1,1,1,1,1,2,1,1,1,5,4,6,6,5,2,1,1,6,5
18/1/2025 6:27,18/1/2025 6:36,0,49.230.59.224,100,527,1,18/1/2025 6:36,R_4Scct43IaTWeBK9,,,,,13.7749,100.5197,anonymous,EN,1,2,22,จิตวิทยา,จุฬาลงกรณ์มหาวิทยาลัย,4,"1,2,3",-99,3,1,2,4,1,2,3,3,4,4,2,2,2,1,1,1,1,1,1,2,1,5,2,1,2,2,2,2,4,1,1,1,4,1,4,1,1,1,2,1,1,3,2,2,1,2,5,6,7,7,6,6,3,4,5,4
18/1/2025 6:59,18/1/2025 7:04,0,171.96.189.237,100,315,1,18/1/2025 7:04,R_4QL0vEgEIXQHxCJ,,,,,13.7101,100.4543,anonymous,EN,1,2,21,ภาษาอังกฤษ,ธรรมศาสตร์,4,"1,2,3",-99,3,3,2,3,1,2,1,1,1,1,1,2,3,1,1,1,1,1,2,3,1,2,1,1,1,2,2,2,2,2,2,3,3,2,2,3,4,3,1,1,1,2,3,3,3,1,4,4,5,5,6,4,5,4,4,5
18/1/2025 6:58,18/1/2025 7:08,0,58.8.3.112,100,608,1,18/1/2025 7:08,R_4Uq4T0m3sh3dk0p,,,,,13.9148,100.5002,anonymous,EN,1,2,19,วิทยาศาสตร์,เกษตรศาสตร์,1,"1,2,3",-99,3,2,2,2,1,2,2,2,2,2,3,1,2,2,1,1,1,2,1,2,1,4,3,2,3,3,5,5,3,2,2,3,2,2,3,2,3,2,1,2,2,3,3,2,2,3,5,7,6,6,4,4,3,3,6,7
18/1/2025 7:03,18/1/2025 7:11,0,27.55.82.219,100,458,1,18/1/2025 7:11,R_4QEupLrNddfS9FA,,,,,13.7618,100.5324,anonymous,EN,1,2,21,ศิลปศาสตร์,มหาวิทยาลัยธรรมศาสตร์,4,"1,2,3",-99,4,3,3,2,3,3,3,3,2,2,3,2,2,2,1,1,2,1,3,2,2,2,1,1,2,1,2,1,4,1,1,1,3,1,4,1,1,1,2,3,1,3,2,2,2,3,3,4,4,4,5,4,4,2,4,4
18/1/2025 7:02,18/1/2025 7:14,0,49.228.104.59,100,718,1,18/1/2025 7:14,R_48PuSIia6DicqfD,,,,,13.7159,100.417,anonymous,EN,1,4,21,จิตวิทยา,จุฬาลงกรณ์มหาวิทยาลัย,4,"1,2,3",-99,4,3,4,4,4,3,3,4,4,4,2,2,2,2,2,2,2,3,2,3,3,4,3,2,3,3,3,1,3,3,3,2,3,1,2,3,2,2,2,1,1,2,2,3,2,1,5,2,4,5,5,5,5,4,5,4
18/1/2025 7:17,18/1/2025 7:27,0,101.109.175.71,100,579,1,18/1/2025 7:27,R_4sdjbbEgruCzC1C,,,,,13.7618,100.5324,anonymous,EN,1,1,22,วิศวกรรมศาสตร์,สถาบันเทคโนโลยีพระจอมเกล้าเจ้าคุณทหารลาดกระบัง,4,"1,2,3",-99,2,1,2,4,2,3,3,3,4,3,1,2,1,1,1,1,1,1,1,1,1,3,2,1,4,4,3,4,3,3,2,1,3,4,2,1,2,3,1,3,4,3,4,2,1,1,5,4,5,5,6,5,2,4,6,1
18/1/2025 7:33,18/1/2025 7:48,0,182.232.163.189,100,883,1,18/1/2025 7:48,R_40l626ubsQv5mZA,,,,,13.7618,100.5324,anonymous,EN,1,2,21,บริหารธุรกิจ,มหาวิทยาลัยเทคโนโลยีราชมงคลพระนคร,3,"1,2",-99,3,3,1,3,2,3,3,3,4,4,2,3,2,3,1,2,1,2,2,2,1,3,3,4,5,5,5,5,2,2,3,4,3,5,3,4,4,5,2,5,5,5,3,5,3,2,5,4,7,7,7,5,7,7,7,6
18/1/2025 9:00,18/1/2025 9:06,0,110.168.29.37,100,374,1,18/1/2025 9:06,R_4ONNtkN4Rr8ndP6,,,,,13.7618,100.5324,anonymous,EN,1,3,22,จิตวิทยา,จุฬาลงกรณ์มหาวิทยาลัย,3,"1,2",-99,2,1,2,2,4,3,2,2,3,3,2,1,2,1,1,1,1,2,1,1,1,4,1,1,2,4,3,3,2,3,2,2,3,4,3,2,2,1,1,2,2,2,1,2,1,4,4,2,5,6,5,5,5,3,6,6
18/1/2025 17:32,18/1/2025 17:40,0,124.120.1.32,100,522,1,18/1/2025 17:40,R_4SrNBL4AW6HxdZL,,,,,13.6984,100.4638,anonymous,EN,1,2,22,จิตวิทยา,เซนต์หลุยส์,4,"1,2,3",-99,4,1,2,2,3,2,4,4,3,4,2,3,3,2,1,1,1,2,3,2,2,4,1,1,2,3,4,4,2,1,1,3,3,1,2,4,1,1,3,3,2,2,3,1,2,1,6,6,5,5,6,5,5,5,6,6
18/1/2025 23:05,18/1/2025 23:11,0,58.11.86.93,100,303,1,18/1/2025 23:11,R_4FY8V1ZrfitLzrz,,,,,7.95,98.3564,anonymous,EN,1,2,22,รัสเซียศึกษา,ธรรมศาสตร์,4,"1,2,3",-99,3,3,1,1,1,2,2,1,1,2,2,3,3,3,1,1,1,1,2,2,1,4,4,2,3,2,4,5,2,2,2,1,2,1,2,1,1,1,2,3,2,3,2,3,2,1,5,2,2,2,3,2,1,1,5,6
19/1/2025 2:55,19/1/2025 3:02,0,27.55.78.86,100,429,1,19/1/2025 3:02,R_4V9gh4avDq0NTAf,,,,,13.7749,100.5197,anonymous,EN,1,2,22,วิศวกรรมศาสตร์,สถาบันเทคโนโลยีพระจอมเกล้าเจ้าคุณทหารลาดกระบัง,4,"1,2,3",-99,5,4,5,4,3,3,3,2,4,4,4,2,4,2,2,2,2,2,3,4,3,4,3,2,2,4,5,3,2,2,2,1,3,3,4,2,2,2,5,3,4,3,3,3,1,2,4,5,7,6,7,5,4,7,7,7
19/1/2025 4:41,19/1/2025 4:46,0,161.200.190.47,100,290,1,19/1/2025 4:46,R_4t4fHMCyaoiT2bC,,,,,13.7749,100.5197,anonymous,EN,1,3,22,สถาปัตย์,จุฬา,4,"1,2,3",-99,4,4,5,5,3,4,5,5,5,5,4,4,4,4,4,4,4,4,4,4,4,1,5,5,5,5,5,5,1,5,5,3,1,5,1,5,5,5,3,4,3,5,5,5,5,1,7,7,7,7,7,7,7,7,7,7
19/1/2025 5:51,19/1/2025 5:54,0,113.53.199.55,100,225,1,19/1/2025 5:54,R_4dcOIcpe3PyfAda,,,,,7.0243,100.6621,anonymous,EN,1,2,21,ทันตแพทย์,สงขลานครินทร์,2,"1,2,3",-99,4,5,5,4,4,4,4,5,5,5,4,2,4,4,4,3,4,4,4,4,4,4,1,1,3,4,4,5,3,2,3,1,2,5,2,2,1,1,2,2,3,3,2,2,5,2,6,6,6,6,6,6,6,5,7,7
19/1/2025 7:09,19/1/2025 7:15,0,58.8.111.225,100,362,1,19/1/2025 7:15,R_4GH3gqAWLdBQ39O,,,,,13.6,100.7164,anonymous,EN,1,2,21,วิศวกรรมศาสตร์,สถาบันเทคโนโลยีพระจอมเกล้าเจ้าคุณทหารลาดกระบัง,4,"1,2,3",-99,4,4,5,3,5,4,3,3,2,3,3,2,3,2,2,2,2,2,3,3,2,3,2,1,1,2,2,2,4,2,2,3,2,3,3,2,1,1,1,2,2,2,4,2,3,1,4,5,5,6,6,5,6,5,6,5
19/1/2025 7:15,19/1/2025 7:20,0,184.22.233.55,100,346,1,19/1/2025 7:21,R_41gFtMwYB9tbss0,,,,,13.7749,100.5197,anonymous,EN,1,2,22,สัตวเเพทยศาสตร์,มหาวิทยาลัยเกษตรศาสตร์,3,"1,2,3",-99,4,3,2,5,5,4,4,4,4,3,2,4,3,3,1,1,1,1,2,1,1,3,2,3,2,4,4,4,2,2,2,1,2,4,1,2,2,1,1,2,3,3,3,3,2,2,5,4,5,5,5,5,6,4,6,6
20/1/2025 7:58,20/1/2025 8:05,0,124.121.111.106,100,417,1,20/1/2025 8:05,R_4TtSkoYf9V6wMEe,,,,,13.6687,100.579,anonymous,EN,1,2,22,อักษรศาสตร์,จุฬาลงกรณ์,4,"1,2,3",-99,5,2,3,5,5,5,5,5,5,5,3,4,2,4,2,1,3,2,4,3,4,2,4,4,4,5,3,5,1,2,5,1,1,5,1,5,5,2,1,2,3,5,5,5,5,1,1,4,7,7,7,7,7,7,7,7
20/1/2025 19:21,20/1/2025 19:42,0,161.200.190.9,100,1283,1,20/1/2025 19:42,R_4ccMlS0LyQppdIf,,,,,13.7101,100.4543,anonymous,EN,1,1,22,จิตวิทยา,จุฬาลงกรณ์มหาวิทยาลัย,4,"1,2,4",-99,2,2,1,4,1,1,3,1,3,3,1,1,3,2,1,1,2,1,2,3,1,3,1,1,2,3,2,4,3,3,1,1,3,3,2,4,1,1,2,3,1,2,4,2,5,1,3,2,3,4,5,2,1,3,5,5
20/1/2025 22:53,20/1/2025 23:14,0,161.200.191.155,100,1307,1,20/1/2025 23:14,R_4kwhMOqBOtViiqe,,,,,13.7749,100.5197,anonymous,EN,1,2,22,23,จุฬาลงกรณ์มหาวิทยาลัย,4,"1,2",-99,4,2,1,4,4,3,4,4,4,4,3,3,2,2,2,2,1,2,2,1,2,3,2,1,4,3,3,4,3,3,2,1,2,2,3,2,4,3,2,2,3,3,4,3,3,4,5,2,6,5,6,4,5,3,5,5
21/1/2025 3:51,21/1/2025 3:59,0,202.28.158.140,100,506,1,21/1/2025 3:59,R_4YK7xsTLM8LOOqT,,,,,13.751,100.4873,anonymous,EN,1,2,22,พยาบาล,มหิดล,4,"1,2,3",-99,3,2,1,3,1,2,2,2,2,2,2,2,2,1,1,1,1,1,1,1,1,2,1,1,1,1,1,1,5,1,1,1,1,1,5,1,1,1,1,1,1,5,1,1,5,1,1,1,7,7,7,7,7,1,7,1
21/1/2025 4:02,21/1/2025 4:05,0,223.205.63.65,100,178,1,21/1/2025 4:05,R_4aku6a6sGB3o8As,,,,,7.0113,100.4745,anonymous,EN,1,1,22,วิศวกรรมศาสตร์,มหาวิทยาลัยสงขลานครินทร์,4,"1,2,3",-99,4,4,4,4,3,2,3,4,3,2,3,2,3,4,2,1,2,2,2,2,3,3,3,1,1,2,2,2,4,3,3,1,4,3,3,1,1,2,2,5,3,2,2,2,2,3,4,5,6,6,6,5,4,5,5,4
21/1/2025 5:35,21/1/2025 5:41,0,110.168.246.110,100,370,1,21/1/2025 5:41,R_4XQJEDBamMhrkmR,,,,,7.0243,100.6621,anonymous,EN,1,1,22,เทคนิคการแพทย์,สงขลานครินทร์,4,"1,2,4",-99,2,2,3,3,3,3,2,3,5,3,3,4,3,1,1,1,1,1,1,2,1,3,3,2,4,3,4,3,2,1,2,1,2,2,2,3,3,3,1,3,3,5,3,3,4,1,5,3,5,3,5,4,4,4,3,4
21/1/2025 17:15,21/1/2025 17:21,0,1.46.133.243,100,363,1,21/1/2025 17:21,R_4LO0BbLHNb5gJ25,,,,,13.7618,100.5324,anonymous,EN,1,2,22,สหเวชศาสตร์,จุฬาลงกรณ์มหาวิทยาลัย,4,"1,2,3,4",-99,3,2,3,4,3,3,4,4,3,3,2,3,2,2,1,2,1,1,2,2,2,3,3,2,2,3,4,3,3,2,3,2,2,3,2,3,3,3,3,2,2,4,3,4,3,1,6,4,6,6,6,6,3,2,6,6
22/1/2025 3:35,22/1/2025 3:40,0,1.46.222.28,100,312,1,22/1/2025 3:40,R_4GWbCQP0Sw55600,,,,,13.859,100.4772,anonymous,EN,1,2,21,วิทยาศาสตร์,จุฬาลงกรณ์มหาวิทยาลัย,4,"1,2,3",-99,3,3,2,4,2,4,3,3,1,2,1,2,2,1,1,1,1,1,1,2,1,1,1,2,1,3,3,3,3,2,1,1,4,1,4,3,2,1,2,1,2,2,4,2,2,2,5,5,4,3,2,1,3,2,4,5
22/1/2025 5:39,22/1/2025 5:45,0,124.120.4.48,100,381,1,22/1/2025 5:45,R_4QXdmPRWXLbspYZ,,,,,13.6855,100.5003,anonymous,EN,1,2,18,วิทยาการจัดการ,มหาวิทยาลัยศิลปากร,1,"1,2,3",-99,3,2,4,2,3,3,4,3,5,2,3,1,4,4,1,2,3,2,2,4,2,3,1,1,1,5,4,5,2,3,2,1,4,2,5,1,1,1,1,1,2,1,1,1,2,3,7,4,5,6,7,5,3,2,4,3
22/1/2025 6:36,22/1/2025 6:43,0,49.230.14.133,100,435,1,22/1/2025 6:43,R_4igJGPLKHQl5VWV,,,,,13.7101,100.4543,anonymous,EN,1,2,22,สัตวแพทย์,จุฬาลงกรณ์,4,"1,2,3",-99,4,3,3,3,2,3,3,4,3,3,2,2,3,2,2,2,2,2,2,2,2,3,2,2,3,3,3,4,3,2,2,2,2,4,3,2,3,2,2,2,3,3,3,3,4,2,4,3,4,3,3,3,3,3,5,4
22/1/2025 6:50,22/1/2025 6:57,0,223.205.104.89,100,453,1,22/1/2025 6:57,R_42tyKcDqvApaqTq,,,,,8.1206,99.0209,anonymous,EN,1,2,21,สัตวแพทย์,วิทลัยสัตวแพทยศาสตร์อัครราชกุมารี,4,"1,2",-99,3,4,2,4,3,2,2,4,2,2,2,2,3,1,1,2,1,1,1,2,1,5,1,1,1,3,3,3,3,2,2,2,4,4,2,2,1,1,1,1,1,1,1,1,2,3,5,4,5,7,4,4,4,5,6,4
23/1/2025 3:21,23/1/2025 3:30,0,115.87.13.227,100,515,1,23/1/2025 3:30,R_4VCn7cALssFyY85,,,,,13.733,100.4865,anonymous,EN,1,2,19,วิทยาการจัดการ,ศิลปากร,1,"1,2,4",-99,3,5,1,2,4,2,3,3,3,2,3,2,1,2,1,1,1,1,3,1,1,5,1,1,1,1,3,3,1,2,1,1,4,1,1,1,1,1,1,3,1,1,3,1,1,1,1,1,1,7,7,1,1,1,1,4
23/1/2025 3:18,23/1/2025 3:32,0,49.229.162.220,100,836,1,23/1/2025 3:32,R_44q6gfOSIwHQ4wX,,,,,13.7749,100.5197,anonymous,EN,1,2,18,เศษฐศาสตร์,รังสิต,1,"1,2,3,4",-99,1,1,2,4,3,3,3,3,4,4,2,2,3,2,1,2,2,1,2,2,1,3,3,3,5,4,4,4,2,2,4,5,3,4,2,4,1,2,2,1,4,4,4,2,4,5,4,5,5,5,5,6,6,6,7,6
23/1/2025 7:03,23/1/2025 7:07,0,49.229.164.7,100,244,1,23/1/2025 7:08,R_4hzKCHIYHQuPrXv,,,,,13.7101,100.4543,anonymous,EN,1,2,22,รัฐศาสตร์,จุฬาลงกรณ์มหาวิทยาลัย,4,"1,2,3",-99,4,4,3,2,5,4,5,3,5,3,3,3,2,4,1,3,2,3,2,4,3,5,4,3,4,4,4,4,2,4,4,4,3,4,3,5,4,3,4,4,3,4,1,2,4,4,7,6,7,6,5,7,6,7,6,7
23/1/2025 10:30,23/1/2025 10:38,0,182.232.32.159,100,446,1,23/1/2025 10:38,R_4IVPbTPFi2eutfr,,,,,13.7749,100.5197,anonymous,EN,1,2,22,รัฐศาสตร,จุฬาลงกรณ์มหาวิทยาลัย,4,"1,3",-99,4,2,3,4,4,4,2,4,5,1,4,4,4,2,1,1,1,1,2,1,1,2,5,5,5,5,5,5,1,4,4,1,1,2,1,1,4,4,3,4,1,5,5,5,5,2,6,7,7,7,7,7,7,7,7,7
23/1/2025 18:40,23/1/2025 18:44,0,161.200.190.245,100,212,1,23/1/2025 18:44,R_4GDMoKVyp9wof0Q,,,,,13.7749,100.5197,anonymous,EN,1,2,21,จิตวิทยา,จุฬาลงกรณ์มหาวิทยาลัย,3,"1,2,3,4",-99,4,5,5,2,5,5,3,5,4,2,4,4,3,4,1,1,3,4,4,4,4,5,1,1,1,4,5,4,2,2,4,5,5,3,4,5,5,5,1,2,3,3,5,3,4,2,3,2,1,1,5,1,5,1,5,6
24/1/2025 10:42,24/1/2025 10:53,0,184.22.119.169,100,638,1,24/1/2025 10:53,R_4q9i84sF8T3Oxo2,,,,,14.0712,100.6549,anonymous,EN,1,2,22,นิติศาสตร์,ธรรมศาสต์,3,"1,2,3",-99,5,3,2,4,1,2,2,4,4,1,4,1,1,3,2,2,1,1,1,2,2,5,1,2,4,2,2,2,4,1,1,1,2,4,3,1,1,1,1,4,1,3,4,1,1,1,6,2,7,7,7,7,7,2,7,7
24/1/2025 10:41,24/1/2025 10:53,0,27.145.5.49,100,716,1,24/1/2025 10:53,R_4gpQ6U1mvm3O5bw,,,,,14.0712,100.6549,anonymous,EN,1,1,22,นิติศาสตร์,มหาวิทยาลัยธรรมศาสตร์,3,"1,2,3",-99,3,2,2,4,2,3,3,4,4,2,2,2,2,2,1,2,1,2,1,2,2,4,1,1,3,4,2,2,3,4,1,1,3,1,4,1,1,2,2,3,1,3,3,2,1,2,4,2,4,4,4,4,4,4,7,7
24/1/2025 10:23,24/1/2025 13:34,0,49.229.238.152,100,11444,1,24/1/2025 13:34,R_4VJy4MZTFZR8JSX,,,,,13.7101,100.4543,anonymous,EN,1,2,21,นิติศาสตร์,ธรรมศาสตร์,3,"1,2,3",-99,4,3,3,4,3,3,4,3,5,2,2,3,2,4,2,2,2,2,2,2,3,4,4,3,2,3,5,4,3,1,1,3,2,4,2,2,3,1,2,3,4,2,5,2,1,1,5,6,5,3,3,4,1,2,6,5
24/1/2025 21:01,24/1/2025 21:12,0,223.24.154.120,100,678,1,24/1/2025 21:12,R_4HFCzaRXY3tdJ6w,,,,,13.7618,100.5324,anonymous,EN,1,2,22,เภสัชศาสตร์,มหาวิทยาลัยอุบลราชธานี,4,"1,3",-99,4,4,3,4,3,4,2,4,5,3,4,3,3,2,1,1,1,2,1,2,2,3,3,4,2,3,4,3,3,2,3,3,2,4,2,3,2,4,2,3,3,4,4,2,3,3,2,2,6,4,3,3,2,2,4,6
24/1/2025 21:13,24/1/2025 21:20,0,49.237.202.237,100,410,1,24/1/2025 21:20,R_4ZWkhIZCAxDGgdV,,,,,13.7618,100.5324,anonymous,EN,1,2,22,แพทยศาสตร์,มหาวิทยาลัยมหาสารคาม,4,"1,2,3",-99,2,3,3,2,2,3,4,4,2,4,1,1,2,1,1,3,1,2,3,2,2,4,1,2,2,1,2,2,4,2,2,4,4,4,3,5,2,1,1,1,1,1,3,1,2,3,4,2,2,2,1,2,3,2,2,1
18/1/2025 3:49,18/1/2025 3:49,0,124.122.132.71,20,11,0,25/1/2025 3:49,R_4YV00K2OEWy50MV,,,,,13.7101,100.4543,anonymous,EN,1,,,,,,,,,,,,,,,,,,,,,,,,,,,,,,,,,,,,,,,,,,,,,,,,,,,,,,,,,,,,,,,
25/1/2025 4:48,25/1/2025 4:55,0,125.24.166.180,100,419,1,25/1/2025 4:55,R_4WE5828yHFGePoB,,,,,13.7618,100.5324,anonymous,EN,1,2,21,นิเทศศาสตร์,จุฬาลงกรณ์มหาวิทยาลัย,3,"1,2,3",-99,5,5,2,5,3,3,5,4,3,4,4,3,4,4,2,1,1,1,3,3,1,5,2,1,1,3,5,5,3,4,1,1,5,1,5,2,2,1,3,3,2,1,1,1,5,5,7,7,7,7,7,7,7,5,7,7
18/1/2025 4:56,18/1/2025 4:57,0,101.108.147.82,87,67,0,25/1/2025 4:57,R_49tUCBlql6OuR0z,,,,,13.7618,100.5324,anonymous,EN,1,2,24,จิตวิทยา,จุฬาฯ,4,"1,2,3",-99,2,4,4,3,4,1,4,3,3,2,2,3,4,2,2,2,2,2,2,4,2,4,2,4,3,2,3,4,3,2,4,-99,4,4,-99,-99,3,4,4,3,-99,-99,-99,-99,-99,-99,,,,,,,,,,
18/1/2025 5:05,18/1/2025 5:06,0,124.122.132.71,93,55,0,25/1/2025 5:06,R_4fj8ShUOcwGNNQ1,,,,,13.7101,100.4543,anonymous,EN,1,-99,-99,-99,-99,-99,-99,-99,-99,-99,-99,-99,-99,-99,-99,-99,-99,-99,-99,-99,-99,-99,-99,-99,-99,-99,-99,-99,-99,-99,-99,-99,-99,-99,-99,-99,-99,-99,-99,-99,-99,-99,-99,-99,-99,-99,-99,-99,-99,-99,-99,-99,-99,-99,-99,-99,-99,-99,-99,-99,-99,-99,-99,-99
18/1/2025 6:15,18/1/2025 6:16,0,49.49.242.151,80,104,0,25/1/2025 6:17,R_4jLsm8pOH1dVjYl,,,,,13.7101,100.4543,anonymous,EN,1,2,21,จิตวิทยา,จุฬาลงกรณ์,3,"1,2,3",-99,4,2,5,4,4,3,2,4,5,4,2,1,3,2,2,3,2,1,3,4,2,,,,,,,,,,,,,,,,,,,,,,,,,,,,,,,,,,,
18/1/2025 6:57,18/1/2025 6:57,0,49.228.196.144,20,8,0,25/1/2025 6:57,R_4GZdrVBy2u68NWF,,,,,14.0712,100.6549,anonymous,EN,1,,,,,,,,,,,,,,,,,,,,,,,,,,,,,,,,,,,,,,,,,,,,,,,,,,,,,,,,,,,,,,,
18/1/2025 7:12,18/1/2025 7:12,0,1.47.130.34,20,16,0,25/1/2025 7:13,R_4pzWP6WRzS2LgRD,,,,,13.7159,100.417,anonymous,EN,1,,,,,,,,,,,,,,,,,,,,,,,,,,,,,,,,,,,,,,,,,,,,,,,,,,,,,,,,,,,,,,,
18/1/2025 7:34,18/1/2025 7:35,0,124.120.89.49,67,68,0,25/1/2025 7:35,R_4rAUZmUoxnbYrE0,,,,,13.7499,100.517,anonymous,EN,1,2,21,จิตวิทยา,จุฬาลงกรณ์มหาวิทยาลัย,4,"1,2,3",-99,,,,,,,,,,,,,,,,,,,,,,,,,,,,,,,,,,,,,,,,,,,,,,,,,,,,,,,,
18/1/2025 7:58,18/1/2025 8:15,0,49.228.196.144,87,1024,0,25/1/2025 8:16,R_4mW4fDvEvtHPK0i,,,,,14.0712,100.6549,anonymous,EN,1,2,22,พาณิชยศาสตร์และการบัญชี,ธรรมศาสตร์?,4,"1,2,3",-99,4,2,2,3,2,2,3,3,2,2,2,2,4,2,3,3,4,2,3,3,2,4,3,3,5,4,3,4,1,3,3,2,3,4,2,3,4,1,2,4,4,5,3,3,3,1,,,,,,,,,,
18/1/2025 10:43,18/1/2025 10:43,0,115.87.77.172,20,16,0,25/1/2025 10:43,R_4mJGqAQ0hzimf4d,,,,,13.7749,100.5197,anonymous,EN,1,,,,,,,,,,,,,,,,,,,,,,,,,,,,,,,,,,,,,,,,,,,,,,,,,,,,,,,,,,,,,,,
18/1/2025 17:58,18/1/2025 18:00,0,49.230.205.83,67,101,0,25/1/2025 18:00,R_4DN9Ms2q9L1XkR2,,,,,13.859,100.4772,anonymous,EN,1,2,18,จิตวิทยา,จุฬาลงกรณ์,1,"1,2,3",-99,,,,,,,,,,,,,,,,,,,,,,,,,,,,,,,,,,,,,,,,,,,,,,,,,,,,,,,,
18/1/2025 23:24,18/1/2025 23:25,0,93.118.43.154,20,13,0,25/1/2025 23:25,R_4QY2GnU3juyQTgR,,,,,35.6164,139.7425,anonymous,EN,1,,,,,,,,,,,,,,,,,,,,,,,,,,,,,,,,,,,,,,,,,,,,,,,,,,,,,,,,,,,,,,,
18/1/2025 23:28,18/1/2025 23:28,0,93.118.43.154,20,4,0,25/1/2025 23:28,R_4XjknfsSf3YSWFD,,,,,35.6164,139.7425,anonymous,EN,1,,,,,,,,,,,,,,,,,,,,,,,,,,,,,,,,,,,,,,,,,,,,,,,,,,,,,,,,,,,,,,,
19/1/2025 0:00,19/1/2025 0:00,0,161.246.148.111,20,10,0,26/1/2025 0:00,R_4FG1L3agHU8QeZO,,,,,13.7146,100.7805,anonymous,EN,1,,,,,,,,,,,,,,,,,,,,,,,,,,,,,,,,,,,,,,,,,,,,,,,,,,,,,,,,,,,,,,,
19/1/2025 2:49,19/1/2025 2:49,0,27.55.76.19,20,9,0,26/1/2025 2:49,R_465miuRbupb8x33,,,,,13.7663,100.6503,anonymous,EN,1,,,,,,,,,,,,,,,,,,,,,,,,,,,,,,,,,,,,,,,,,,,,,,,,,,,,,,,,,,,,,,,
19/1/2025 16:56,19/1/2025 16:56,0,1.46.3.184,20,9,0,26/1/2025 16:56,R_4dpaJqZPC3RCX5f,,,,,13.7749,100.5197,anonymous,EN,1,,,,,,,,,,,,,,,,,,,,,,,,,,,,,,,,,,,,,,,,,,,,,,,,,,,,,,,,,,,,,,,
26/1/2025 19:37,26/1/2025 19:55,0,161.200.191.61,100,1101,1,26/1/2025 19:55,R_4KIXyo4mD3iYUGc,,,,,13.7749,100.5197,anonymous,EN,1,2,22,เศรษฐศาสตร์,จุฬาลงการณ์มหาวิทยาลัย,3,"1,2,3",-99,2,3,2,4,3,3,4,4,4,4,3,2,3,2,1,1,1,2,2,2,2,5,1,1,2,4,4,4,3,1,2,1,4,2,3,2,1,1,2,3,3,4,3,1,4,4,7,6,7,7,7,5,5,4,6,6
27/1/2025 0:27,27/1/2025 0:33,0,49.228.98.72,100,373,1,27/1/2025 0:33,R_4EzbxbLFYuuIcGI,,,,,13.6855,100.5003,anonymous,EN,1,2,22,วิศวกรรมไฟฟ้า,มหาลัยเทคโนโลยีพระจอมเกล้าธนบุรี,4,"1,2,3",-99,4,2,4,4,3,4,3,2,2,3,2,3,4,1,1,1,2,2,2,2,2,5,1,2,1,2,3,4,4,2,2,1,3,2,3,1,1,1,1,2,2,3,2,1,2,3,5,6,5,5,5,4,4,2,5,5
27/1/2025 5:17,27/1/2025 5:24,0,184.22.89.175,100,413,1,27/1/2025 5:24,R_4z5XXFRr4zk5FId,,,,,14.0712,100.6549,anonymous,EN,1,3,21,รัฐศาสตร์,มหาววิทยาลัยธรรมศาสตร์,4,"1,2,3",-99,2,1,3,4,3,3,3,3,2,2,1,2,2,1,1,1,1,1,1,1,1,4,3,4,4,4,4,5,3,1,3,3,3,3,3,3,3,2,1,1,2,2,3,3,2,4,5,3,4,4,4,3,3,2,5,5
20/1/2025 11:09,20/1/2025 11:15,0,1.4.192.82,80,334,0,27/1/2025 11:15,R_4Vk2nbctIIkPWNz,,,,,13.7749,100.5197,anonymous,EN,1,2,23,อักษรศาสตร์,จุฬาลงกรณ์มหาวิทยาลัย,4,"1,3",-99,3,3,2,5,2,4,3,5,4,5,4,4,4,4,1,1,1,2,4,4,2,,,,,,,,,,,,,,,,,,,,,,,,,,,,,,,,,,,
27/1/2025 21:15,27/1/2025 21:21,0,124.122.125.71,100,316,1,27/1/2025 21:21,R_4wbNHi4wRDWTLNo,,,,,13.7101,100.4543,anonymous,EN,1,3,21,เศรษฐศาสตร์,จุฬาลงกรณ์มหาวิทยาลัย,3,"1,2,3",-99,5,5,4,5,5,4,5,5,4,5,4,2,4,4,4,3,1,3,4,4,4,4,3,1,5,5,4,5,3,2,4,1,2,1,5,1,3,3,5,4,3,4,4,3,4,1,7,5,7,5,5,5,6,6,7,7
27/1/2025 21:36,27/1/2025 21:46,0,110.169.68.208,100,584,1,27/1/2025 21:46,R_4aWxG20lxadDHV4,,,,,13.7551,100.5057,anonymous,EN,1,2,18,จิตวิทยา,จุฬาลงกรณ์มหาวิทยาลัย,1,"1,2,3",-99,4,3,3,5,4,3,4,4,3,4,3,3,2,2,1,2,1,1,2,3,3,3,2,1,4,4,3,4,3,1,1,1,4,1,4,1,1,1,2,2,3,3,1,1,1,2,4,3,7,7,5,6,5,4,6,6
27/1/2025 21:42,27/1/2025 21:49,0,171.101.104.87,100,421,1,27/1/2025 21:49,R_4zzHDIttEopjJYc,,,,,13.7101,100.4543,anonymous,EN,1,2,23,พาณิชยศาสตร์และการบัญชี,จุฬาลงกรณ์มหาวิทยาลัย,4,"1,2,3",-99,4,3,3,3,4,4,4,3,3,3,3,3,4,2,2,3,3,2,3,3,3,2,3,3,4,4,4,4,2,4,4,1,3,3,2,2,3,4,4,4,4,4,4,4,4,2,7,6,6,6,7,7,6,7,7,7
27/1/2025 22:19,27/1/2025 22:28,0,171.97.99.66,100,493,1,27/1/2025 22:28,R_4Ke9pmqfXNHtkbE,,,,,13.733,100.4865,anonymous,EN,1,2,19,จิตวิทยา,จุฬาลงกรณ์มหาวิทยาลัย,1,"1,2,3",-99,5,3,3,4,2,4,2,4,5,4,3,1,3,2,-99,1,1,1,2,3,1,4,2,1,1,1,1,1,4,1,1,1,5,2,4,1,3,1,1,2,1,1,1,1,1,2,6,6,6,6,7,5,7,3,6,5
28/1/2025 1:07,28/1/2025 1:21,0,114.109.208.118,100,816,1,28/1/2025 1:21,R_424mqNBRrXvRaTC,,,,,13.7326,100.539,anonymous,EN,1,2,23,พาณิชยศาสตร์และการบัญชี,จุฬาลงกรณ์มหาวิทยาลัย,4,"1,2,3",-99,3,2,4,4,1,2,2,3,2,3,4,2,4,2,2,2,1,4,2,4,2,4,1,1,4,4,1,5,3,1,1,1,2,2,3,4,1,2,4,2,4,4,2,2,1,4,2,2,2,1,2,1,5,1,6,2
28/1/2025 2:17,28/1/2025 2:24,0,124.122.198.92,100,439,1,28/1/2025 2:24,R_4gy3jugWvTsxerT,,,,,13.7618,100.5324,anonymous,EN,1,3,22,พาณิชยศาสตร์และการบัญชี,จุฬาลงกรณ์มหาวิทยาลัย,4,"1,2,3",-99,4,2,2,3,3,3,3,3,4,3,2,2,3,4,3,2,1,2,3,2,2,3,2,1,3,4,2,3,3,2,2,1,4,1,4,1,1,2,1,3,4,3,2,2,1,1,5,4,6,6,7,6,4,3,6,4
28/1/2025 2:36,28/1/2025 2:43,0,171.96.191.201,100,407,1,28/1/2025 2:43,R_4e8Pugn2jwOdEM0,,,,,13.7101,100.4543,anonymous,EN,1,2,22,บัญชี,จุฬาลงกรณ์มหาวิทยาลัย,3,"1,2,3",-99,5,3,3,4,4,3,4,5,5,3,4,4,3,3,2,1,1,4,2,3,1,5,1,1,3,4,5,5,2,5,3,1,4,1,4,1,1,1,2,3,1,4,3,4,1,2,6,6,7,7,7,7,6,7,7,7
28/1/2025 2:19,28/1/2025 2:45,0,202.28.78.39,100,1537,1,28/1/2025 2:45,R_4A0DzZaYgJXi1FR,,,,,13.7101,100.4543,anonymous,EN,1,2,22,เภสัชศาสตร์,มหาวิทยาลัยบูรพา,2,"1,2,3",-99,4,3,2,3,2,2,2,5,4,3,3,1,2,2,1,1,1,2,2,2,2,3,1,1,3,3,4,3,3,1,3,1,3,2,3,1,1,2,1,3,3,3,4,3,1,2,6,6,7,7,7,7,7,1,7,4
28/1/2025 2:11,28/1/2025 2:46,0,101.108.250.41,100,2093,1,28/1/2025 2:46,R_4Cd6PC7QcVuBOf8,,,,,13.7101,100.4543,anonymous,EN,1,2,25,จิตวิทยา,จุฬาลงกรณ์มหาวิทยาลัย,4,1,-99,5,4,4,4,5,5,4,5,4,5,4,2,3,2,4,1,4,4,4,2,3,4,2,2,3,3,4,3,4,3,4,1,3,1,4,2,5,2,4,1,1,4,2,2,5,4,6,2,6,4,5,5,3,5,5,5
28/1/2025 4:40,28/1/2025 4:54,0,27.55.92.252,100,894,1,28/1/2025 4:54,R_4rPFqWLg69sdYu5,,,,,13.7749,100.5197,anonymous,EN,1,1,23,จิตวิทยา,จุฬาลงกรณ์มหาวิทยาลัย,4,1,-99,4,4,3,3,1,1,5,3,5,3,2,4,3,3,1,1,1,2,2,4,2,1,3,1,5,5,5,5,1,5,5,1,4,3,2,1,1,4,3,5,5,5,5,5,5,1,7,3,7,7,7,7,7,7,7,7
28/1/2025 5:19,28/1/2025 5:33,0,184.82.149.236,100,834,1,28/1/2025 5:33,R_4AG5LbGfR9MFEv4,,,,,13.751,100.4873,anonymous,EN,1,2,21,แพทยศาสตร์,มหาวิทยาลัยสงขลานครินทร์,4,"1,2,3",-99,5,1,2,5,2,2,2,3,5,4,2,2,4,4,2,1,4,2,4,3,3,5,3,3,3,2,4,4,4,2,2,3,2,1,2,1,1,1,3,1,1,5,2,2,1,1,2,2,7,7,6,7,1,1,7,4
21/1/2025 5:06,21/1/2025 5:40,0,101.109.167.195,20,2023,0,28/1/2025 5:40,R_4f2SpWXG5NlvinQ,,,,,13.7101,100.4543,anonymous,EN,1,,,,,,,,,,,,,,,,,,,,,,,,,,,,,,,,,,,,,,,,,,,,,,,,,,,,,,,,,,,,,,,
21/1/2025 5:57,21/1/2025 6:29,0,124.120.89.49,73,1908,0,28/1/2025 6:29,R_47TLo5XN1YyAbjc,,,,,13.7499,100.517,anonymous,EN,1,2,55,จ,าา,5,2,-99,-99,-99,-99,-99,-99,-99,-99,-99,-99,-99,,,,,,,,,,,,,,,,,,,,,,,,,,,,,,,,,,,,,,,,,,,,,,
28/1/2025 9:54,28/1/2025 10:14,0,110.168.68.244,100,1208,1,28/1/2025 10:14,R_4GdkVtmyU6ZuhxQ,,,,,7.0243,100.6621,anonymous,EN,1,1,23,เภสัชศาสตร์,มหาวิทยลัยสงขลานครินทร์,5,"1,2,3",-99,4,3,3,5,3,5,5,4,5,3,4,3,3,4,2,2,1,2,4,4,4,3,3,4,3,4,4,5,2,4,3,4,5,3,1,4,4,4,3,3,4,4,4,4,3,1,4,7,3,2,2,2,5,4,7,7
28/1/2025 19:53,28/1/2025 20:07,0,223.24.60.163,100,866,1,28/1/2025 20:07,R_40xhoZQZ9WkspG5,,,,,13.7618,100.5324,anonymous,EN,1,2,22,เทคโนโลยีชีวภาพ,มหาลัยเกษตรศาสตร์ บางเขน,4,"1,2,3",-99,4,4,3,5,1,3,4,4,3,4,2,4,3,3,3,2,3,3,3,4,3,2,4,2,4,4,5,4,3,2,2,2,2,4,1,3,3,4,4,2,2,4,4,4,4,1,5,3,5,5,5,5,6,4,6,6
28/1/2025 21:56,28/1/2025 22:02,0,49.49.250.249,100,379,1,28/1/2025 22:02,R_4fpoHk6k8FnDmRU,,,,,13.7618,100.5324,anonymous,EN,1,2,21,ครุศาสตร์,จุฬาลงกรณ์มหาวิทยาลัย,3,"1,2",-99,4,3,2,4,2,2,2,4,3,3,2,3,2,2,1,2,1,1,1,2,1,3,5,3,4,3,4,4,2,3,3,2,1,4,2,1,2,1,1,2,3,2,3,3,3,1,3,2,4,5,5,5,6,4,4,5
29/1/2025 2:18,29/1/2025 2:24,0,27.55.70.190,100,377,1,29/1/2025 2:24,R_4Xkj0vh1elK5EIN,,,,,13.7101,100.4543,anonymous,EN,1,2,22,ทันตะ,รังสิต,3,2,-99,3,3,3,2,3,3,3,3,4,3,3,2,2,3,1,1,1,2,2,2,2,5,1,1,5,5,5,5,5,1,1,1,1,1,1,1,1,1,1,1,5,5,5,5,5,5,1,1,-99,7,7,7,7,7,7,7
29/1/2025 2:38,29/1/2025 2:46,0,27.55.73.188,100,456,1,29/1/2025 2:46,R_4fjKEJp4N3RUr9W,,,,,13.7499,100.517,anonymous,EN,1,1,20,นิติศาสตร์,จุฬาลงกรณ์มหาวิทยาลัย,2,1,-99,2,2,1,3,1,2,2,3,1,1,1,1,1,1,1,1,1,1,2,1,1,5,1,1,3,1,2,2,5,1,1,1,4,1,4,1,1,1,3,3,3,3,1,1,1,4,5,1,5,5,5,5,5,4,5,3
29/1/2025 2:16,29/1/2025 2:46,0,161.200.190.202,100,1818,1,29/1/2025 2:46,R_4zacm86fbRcKTIt,,,,,13.7653,100.4536,anonymous,EN,1,1,23,วิศวกรรมศาสตร์,จุฬาลงกรณ์มหาวิทยาลัย,2,"1,2,3",-99,3,1,2,4,2,3,2,4,3,4,2,1,3,3,1,1,1,3,3,3,2,3,2,1,2,5,4,5,2,5,5,5,1,3,2,5,3,1,1,1,1,4,5,2,4,2,2,6,6,6,7,7,7,1,7,7
22/1/2025 2:54,22/1/2025 2:56,0,182.232.21.183,80,137,0,29/1/2025 2:56,R_4MF0efJJAcFuIqI,,,,,13.7749,100.5197,anonymous,EN,1,1,21,สัตวแพทยศาสตร์,จุฬาลงกรณ์มหาวิทยาลัย,3,"1,2,3",-99,5,4,2,5,2,5,5,5,5,5,4,4,2,3,1,1,2,2,3,2,4,,,,,,,,,,,,,,,,,,,,,,,,,,,,,,,,,,,
29/1/2025 2:15,29/1/2025 3:02,0,49.229.125.228,100,2805,1,29/1/2025 3:02,R_4mOBnb9zonKKTqs,,,,,13.7101,100.4543,anonymous,EN,1,1,24,วิทยา,จุฬาลงกรณ์,3,1,-99,3,2,3,5,4,5,5,5,5,5,-99,3,3,3,4,2,1,4,4,4,2,4,3,5,4,5,5,5,5,3,4,3,2,5,1,1,4,2,4,1,3,4,2,2,4,4,7,6,6,6,7,6,6,6,4,5
29/1/2025 3:34,29/1/2025 3:39,0,182.232.140.166,100,288,1,29/1/2025 3:39,R_4IGl7q8dcels7Rq,,,,,13.7618,100.5324,anonymous,EN,1,4,22,เภสัชศาสตร์,มหาวิทยาลัยหัวเฉียวเฉลิมพระเกียรติ,3,"1,2,3",-99,5,2,3,4,4,5,5,5,4,4,3,2,2,2,1,2,3,2,2,2,2,3,1,1,2,3,3,4,4,3,3,2,4,3,3,2,1,1,1,1,1,2,1,2,1,2,5,3,6,6,6,4,6,6,6,6
28/1/2025 3:46,29/1/2025 6:19,0,223.204.97.80,100,95577,1,29/1/2025 6:19,R_4PXhG0jiTtwxtnu,,,,,7.9833,98.3662,anonymous,EN,1,2,22,สัตวแพทย์,วลัยลักษณ์,4,"1,2,3",-99,3,4,4,4,4,4,4,4,3,4,3,3,3,2,2,3,2,3,3,3,3,3,3,4,4,4,3,4,3,3,3,4,3,4,3,4,4,4,3,3,3,4,3,4,4,3,5,5,6,6,6,6,6,5,6,6
29/1/2025 6:31,29/1/2025 6:39,0,1.47.154.101,100,487,1,29/1/2025 6:39,R_4e4fw1EGE0juO2d,,,,,13.7653,100.4536,anonymous,EN,1,2,20,สัตวแพทย์ศาสตร์,จุฬาลงกรณ์มหาวิทยาลัย,2,"1,2,3",-99,5,4,3,5,5,5,5,3,3,2,1,3,2,2,1,1,1,2,1,1,1,2,1,1,3,3,5,5,3,1,2,1,3,2,3,1,3,2,1,2,1,3,1,2,1,1,4,3,6,4,4,2,3,6,6,1
29/1/2025 20:52,29/1/2025 20:58,0,27.55.92.26,100,361,1,29/1/2025 20:58,R_4xcJXwvdY8rSdR7,,,,,13.7749,100.5197,anonymous,EN,1,3,23,สังคมศาสตร์,มศว,4,1,-99,4,3,4,4,3,4,3,5,3,3,2,3,2,1,1,1,2,3,3,3,2,5,3,2,2,5,5,5,3,1,2,5,3,1,2,3,2,3,5,5,4,4,3,3,5,1,4,6,7,7,7,6,6,2,7,7
30/1/2025 1:13,30/1/2025 1:26,0,1.47.200.112,100,817,1,30/1/2025 1:26,R_4Q3hDcjaVxTAsls,,,,,13.7326,100.539,anonymous,EN,1,3,20,รัฐศาสตร์,มหาวิทยาลัยรัตนบัณฑิต,2,1,-99,4,3,3,3,3,4,4,4,4,3,2,1,3,4,4,4,3,3,4,3,2,5,1,1,5,5,5,5,5,5,5,1,1,5,5,1,1,5,5,5,5,5,5,5,1,1,7,6,6,7,7,7,7,7,7,7
30/1/2025 1:36,30/1/2025 1:47,0,1.46.128.42,100,650,1,30/1/2025 1:47,R_44v8y3r4WPa3brP,,,,,13.7749,100.5197,anonymous,EN,1,2,19,นิติศาสตร์,จุฬาลงกรณ์มหาวิทยาลัย,2,"1,3",-99,4,1,3,4,3,2,3,5,4,3,2,4,2,2,2,2,2,1,2,3,2,2,5,4,4,5,3,5,2,5,3,1,3,2,1,2,4,4,1,1,1,5,5,5,5,1,5,2,2,2,2,1,1,1,5,6
30/1/2025 2:29,30/1/2025 2:38,0,49.229.202.87,100,492,1,30/1/2025 2:38,R_4sU3ixghtedCt5j,,,,,13.7101,100.4543,anonymous,EN,1,2,21,วิทยาศาสตร์,จุฬาลงกรณ์มหาวิทยาลัย,2,"1,2,3",-99,3,2,2,3,4,4,4,3,2,2,2,2,3,3,1,2,3,2,3,3,2,2,4,3,5,4,4,3,2,3,4,2,3,2,2,2,2,3,2,4,3,4,4,4,2,1,5,3,5,5,5,6,4,6,7,5
30/1/2025 2:09,30/1/2025 2:48,0,49.49.231.84,100,2350,1,30/1/2025 2:48,R_4sAC31QQGomMacx,,,,,13.7101,100.4543,anonymous,EN,1,1,22,จิตวิทยา,จุฬาลงกรณ์มหาวิทยาลัย,4,"1,3",-99,2,4,2,4,4,4,1,1,2,3,2,3,3,4,1,1,1,1,2,3,2,1,4,4,5,4,5,4,1,5,5,5,1,2,1,5,3,4,1,2,3,5,3,4,4,1,6,3,6,6,5,3,3,5,6,6
30/1/2025 3:51,30/1/2025 3:57,0,49.230.20.20,100,342,1,30/1/2025 3:57,R_4pyRnqxJCYAk08z,,,,,13.7749,100.5197,anonymous,EN,1,1,21,ครุศาสตร์,จุฬาลงกรณ์มหาวิทยาลัย,3,"1,2,3",-99,2,2,4,3,4,4,5,3,2,4,4,4,4,4,2,1,4,4,4,2,2,3,4,2,3,4,3,3,3,2,2,2,3,3,2,2,4,3,3,2,3,3,3,3,3,3,5,4,6,7,7,7,7,7,7,7
30/1/2025 21:27,30/1/2025 21:31,0,161.200.190.114,100,221,1,30/1/2025 21:31,R_4h5BNXAAuI9PcNt,,,,,13.7749,100.5197,anonymous,EN,1,2,21,จิตวิทยา,จุฬาลงกรณ์มหาวิทยาลัย,3,"1,2,3",-99,4,2,2,4,4,4,2,5,3,4,2,3,3,2,1,2,2,1,3,3,2,4,2,1,2,3,2,1,2,2,3,1,4,1,3,1,1,2,3,3,4,4,2,1,2,3,6,5,5,6,6,6,6,5,7,6
31/1/2025 0:17,31/1/2025 1:56,0,171.97.223.87,100,5945,1,31/1/2025 1:56,R_4rbTqVQL6wZmcKt,,,,,7.95,98.3564,anonymous,EN,1,-99,-99,-99,-99,-99,-99,-99,-99,-99,-99,-99,-99,-99,-99,-99,-99,-99,-99,-99,-99,-99,-99,-99,-99,-99,-99,-99,-99,-99,-99,-99,-99,-99,-99,-99,-99,-99,-99,-99,-99,-99,-99,-99,-99,-99,-99,-99,-99,-99,-99,-99,-99,-99,-99,-99,-99,-99,-99,-99,-99,-99,-99,-99
24/1/2025 10:33,24/1/2025 10:34,0,171.6.51.208,67,41,0,31/1/2025 10:34,R_48Jt1yn62553K37,,,,,13.7499,100.517,anonymous,EN,1,2,22,จิตวิทยา,จุฬา,3,"1,2,3",-99,,,,,,,,,,,,,,,,,,,,,,,,,,,,,,,,,,,,,,,,,,,,,,,,,,,,,,,,
31/1/2025 20:17,31/1/2025 20:24,0,1.46.139.255,100,418,1,31/1/2025 20:24,R_4PSJeBNahH5qtfF,,,,,13.7749,100.5197,anonymous,EN,1,2,22,วิทยาศาสตร์,จุฬาลงกรณ์มหาวิทยาลัย,4,"1,2,3",-99,3,2,1,1,1,2,1,2,3,2,2,1,2,1,1,1,1,1,2,2,1,5,2,1,2,3,2,2,3,4,3,1,5,1,2,1,1,1,1,1,2,2,2,1,2,1,3,3,5,5,5,4,3,1,3,1
24/1/2025 21:12,24/1/2025 21:13,0,49.237.202.237,20,23,0,31/1/2025 21:13,R_4tDUhlylrmHmDWR,,,,,13.7618,100.5324,anonymous,EN,1,,,,,,,,,,,,,,,,,,,,,,,,,,,,,,,,,,,,,,,,,,,,,,,,,,,,,,,,,,,,,,,
31/1/2025 23:12,31/1/2025 23:17,0,124.120.76.212,100,290,1,31/1/2025 23:17,R_9hi1mVt6dhZASX8,,,,,13.751,100.4873,anonymous,EN,1,1,21,วิศวกรรมศาสตร์,จุฬาลงกรณ์มหาวิทยาลัย,3,"1,2,3",-99,4,3,5,5,4,2,3,2,4,3,3,2,4,2,2,2,2,4,2,3,4,2,2,2,2,2,3,4,5,5,1,3,5,5,4,2,5,3,5,5,5,2,4,5,4,4,7,5,7,7,5,5,4,5,4,6
1/2/2025 1:34,1/2/2025 1:40,0,110.168.217.38,100,383,1,1/2/2025 1:40,R_924KuViq8Y9PfGX,,,,,7.0243,100.6621,anonymous,EN,1,2,22,ทันตแพทยศาสตร์,มหาวิทยาลัยสงขลานครินทร์,4,"1,2,3",-99,3,2,5,3,4,5,5,5,3,5,2,3,3,3,1,1,2,1,3,3,2,2,5,5,5,5,5,5,1,5,5,4,1,3,1,5,4,4,4,5,5,5,5,5,5,1,7,5,7,7,7,7,5,7,7,7
1/2/2025 1:34,1/2/2025 1:44,0,184.22.61.172,100,585,1,1/2/2025 1:44,R_4mdz9LjOzym2Meu,,,,,7.0113,100.4745,anonymous,EN,1,2,22,คณะเภสัชศาสตร์,มอ.,4,"1,2,4",-99,5,5,5,5,3,4,5,5,5,5,2,1,3,1,1,2,4,2,1,2,1,3,1,1,3,5,5,5,3,5,4,3,1,5,1,3,1,2,5,3,1,5,5,5,5,1,7,2,7,7,7,7,7,7,7,7
1/2/2025 1:46,1/2/2025 1:57,0,101.109.237.84,100,697,1,1/2/2025 1:57,R_42PLyAEIllava4F,,,,,13.7101,100.4543,anonymous,EN,1,1,21,วิศวกรรมศาสตร์,จุฬาลงกรณ์มหาวิทยาลัย,4,"1,2,3,4",-99,4,3,1,4,4,4,4,2,2,4,2,2,2,1,1,1,1,2,1,1,3,1,4,5,5,5,1,5,2,5,5,2,1,5,1,3,2,4,2,3,2,4,5,3,1,1,2,3,2,3,3,1,2,1,2,3
1/2/2025 1:41,1/2/2025 2:11,0,223.207.225.113,100,1802,1,1/2/2025 2:11,R_4Y7vGH4GiR0AtKV,,,,,16.8358,100.2518,anonymous,EN,1,2,21,ทันตแพทยศาสตร์,มหาวิทยาลัยนเรศวร,3,"1,2,3",-99,4,5,4,4,4,5,5,5,3,4,4,3,3,2,2,4,4,4,4,3,2,4,1,1,1,3,3,4,3,4,3,1,3,4,3,1,1,1,3,4,3,4,3,3,1,2,7,5,7,7,7,7,7,7,7,7
1/2/2025 2:46,1/2/2025 2:54,0,223.205.7.254,100,500,1,1/2/2025 2:54,R_4VgpyrBrvQeo84X,,,,,16.8358,100.2518,anonymous,EN,1,2,23,ทันตแพทยศาสตร์,มหาวิทยาลัยนเรศวร,3,"1,2,3",-99,4,3,3,4,3,4,3,3,3,4,2,2,3,1,1,2,2,3,3,3,2,4,2,3,4,4,4,4,3,2,1,1,3,1,2,1,1,1,1,1,4,4,3,2,1,2,6,2,6,6,6,6,6,3,6,5
1/2/2025 3:18,1/2/2025 3:24,0,184.22.34.50,100,356,1,1/2/2025 3:24,R_4LIi2NoeWvQAkSo,,,,,13.7618,100.5324,anonymous,EN,1,2,22,รังสีเทคนิค,มหิดล,3,"1,2,3",-99,3,3,4,4,3,2,2,2,3,4,2,3,3,2,1,1,1,2,1,3,2,3,2,2,3,3,3,4,3,3,2,2,4,2,3,2,2,2,2,3,3,3,3,3,3,1,6,4,7,7,7,7,4,6,7,7
1/2/2025 3:36,1/2/2025 3:42,0,110.168.140.161,100,328,1,1/2/2025 3:42,R_4GrEjnOdbwy7BFe,,,,,7.0243,100.6621,anonymous,EN,1,3,21,เภสัชศาสตร์,สงขลานครินทร์,4,"1,2,3",-99,4,3,4,5,5,5,5,4,4,5,3,4,4,4,3,3,3,3,3,4,4,4,3,3,4,4,4,4,3,3,3,4,2,3,2,3,2,3,4,3,3,3,4,3,4,2,4,3,5,5,5,4,5,4,6,6
1/2/2025 3:38,1/2/2025 3:42,0,49.230.15.200,100,267,1,1/2/2025 3:42,R_4n9SA1VBIi3Iu8p,,,,,13.7618,100.5324,anonymous,EN,1,2,21,วิทยาศาสตร์,มหิดล,3,"1,2,3",-99,3,2,2,3,3,4,3,3,4,3,3,2,2,2,2,1,2,1,1,2,2,5,1,1,1,1,1,1,5,1,1,1,5,1,5,1,1,1,1,1,1,1,1,1,1,2,4,4,4,4,4,4,4,1,4,7
1/2/2025 3:55,1/2/2025 4:05,0,124.122.192.173,100,622,1,1/2/2025 4:05,R_4DGbSGihDH4OfF6,,,,,13.7101,100.4543,anonymous,EN,1,2,21,ศิบปศาสตร์,ธรรมศาสตร์,4,"1,2,3,5",Smartwatch ,3,2,3,3,2,3,1,2,4,1,1,2,4,1,2,2,1,3,3,3,2,4,3,1,3,3,2,2,4,2,2,2,4,2,4,1,3,2,3,1,2,3,1,1,2,3,5,5,7,7,7,6,7,6,6,5
1/2/2025 4:16,1/2/2025 4:21,0,182.53.136.179,100,337,1,1/2/2025 4:21,R_4nScRZjMw6FewMh,,,,,13.751,100.4873,anonymous,EN,1,2,20,วิศวะ,จุฬาลงกรณ์มหาวิทยาลัย,2,"1,2,3",-99,4,4,5,4,2,4,4,4,3,2,3,2,3,3,1,1,1,1,2,1,1,3,1,1,1,4,4,3,2,5,5,2,3,1,1,1,1,1,1,1,1,1,2,1,2,2,7,7,5,5,5,5,6,2,4,4
1/2/2025 4:20,1/2/2025 4:30,0,184.22.52.7,100,612,1,1/2/2025 4:30,R_4diEDMVMPyYz8kA,,,,,13.5438,100.2731,anonymous,EN,1,2,20,รังสีเทคนิค,มหิดล,3,"1,2",-99,5,5,3,4,1,4,5,5,5,5,4,2,3,4,2,1,1,3,4,3,4,4,1,1,2,2,1,2,3,4,3,2,1,1,4,3,1,1,1,3,2,2,3,2,2,1,6,4,5,3,3,5,4,5,6,6
1/2/2025 4:24,1/2/2025 4:43,0,27.55.88.216,100,1093,1,1/2/2025 4:43,R_4mkOIsNngwM2OrL,,,,,13.7749,100.5197,anonymous,EN,1,2,21,เทคนิคการแพทย์,มหิดล,3,"1,2,3",-99,4,4,4,3,2,4,4,5,2,5,4,4,3,4,2,2,2,2,4,4,3,2,4,4,4,3,4,4,2,3,4,2,3,4,1,3,3,4,3,2,5,4,3,4,4,1,7,3,7,7,7,7,4,5,7,7
1/2/2025 4:39,1/2/2025 4:43,0,122.155.52.33,100,269,1,1/2/2025 4:43,R_4ZUOfb0HoRf6t8L,,,,,13.7663,100.6503,anonymous,EN,1,1,22,วิศวกรรมศาสตร์,มหาวิทยาลัยสงขลานครินทร์,4,"1,2,3,4",-99,3,3,3,5,4,4,4,4,3,3,3,2,2,2,2,2,1,1,2,2,2,5,2,1,1,1,1,1,4,2,2,1,5,4,5,1,1,2,1,2,2,1,2,2,1,4,3,4,4,4,4,4,4,4,3,4
1/2/2025 7:13,1/2/2025 7:18,0,49.229.190.71,100,310,1,1/2/2025 7:18,R_4uUJaP4YmxMgfHF,,,,,13.7101,100.4543,anonymous,EN,1,3,20,จิตวิทยา,จุฬาลงกรณ์มหาวิทยาลัย,2,"1,2,4",-99,4,5,3,4,2,5,5,5,4,3,3,4,3,3,2,2,1,2,1,3,3,4,4,2,5,5,4,5,2,5,5,1,4,3,4,1,2,1,2,2,4,5,3,5,1,1,7,5,6,7,7,5,4,6,7,7
1/2/2025 7:18,1/2/2025 7:22,0,180.180.26.147,100,222,1,1/2/2025 7:22,R_47fLDQKSzueGkMv,,,,,14.9088,102.9959,anonymous,EN,1,2,21,จิตวิทยา,จุฬาลงกรณ์,3,"1,2,3",-99,3,2,4,3,4,5,2,4,4,2,3,4,2,2,1,1,2,1,3,4,2,4,2,2,4,1,2,2,4,2,4,2,4,2,4,5,2,2,1,4,2,2,4,1,2,1,6,6,7,7,6,4,5,5,7,4
1/2/2025 7:16,1/2/2025 7:23,0,202.28.158.52,100,419,1,1/2/2025 7:23,R_4PwcEAc7OOULtkM,,,,,13.751,100.4873,anonymous,EN,1,2,19,เทคนิคการแพทย์,มหิดล,1,"1,2",-99,4,4,2,5,3,3,2,3,2,4,2,3,2,1,1,2,2,1,1,1,2,2,3,3,2,2,2,3,2,2,2,1,3,3,4,1,2,1,2,1,1,2,2,2,2,2,4,4,4,4,4,5,5,3,3,4
1/2/2025 7:24,1/2/2025 7:29,0,49.228.151.66,100,327,1,1/2/2025 7:29,R_4QMej1cITYVcUoj,,,,,13.7101,100.4543,anonymous,EN,1,2,22,ครุศาสตร์,จุฬาลงกรณ์มหาวิทยาลัย,4,"1,2,3",-99,2,3,5,1,1,2,2,2,1,1,1,1,1,1,1,2,2,1,3,1,2,3,3,1,1,1,3,4,3,1,2,1,1,1,1,2,2,1,3,5,2,4,2,2,1,2,5,3,6,6,4,3,2,2,7,5
1/2/2025 9:46,1/2/2025 9:51,0,49.228.203.96,100,288,1,1/2/2025 9:51,R_4OlvY2Vfmvcm1cM,,,,,14.0712,100.6549,anonymous,EN,1,2,22,ศิลปศาสตร์,มหาวิทยาลัยธรรมศาสตร์,4,"1,2,3",-99,3,2,4,4,2,4,4,4,2,3,2,3,3,2,1,2,2,2,3,2,2,4,3,2,3,4,2,2,3,3,2,1,4,4,3,1,1,1,1,2,3,3,4,3,2,3,4,3,4,4,5,4,4,5,5,5
1/2/2025 18:27,1/2/2025 18:35,0,27.55.93.86,100,469,1,1/2/2025 18:35,R_42tinY4vdPsd6tj,,,,,13.7101,100.4543,anonymous,EN,1,2,22,อักษร,ศิลปากร,3,"1,2,3",-99,3,3,4,2,2,2,3,3,4,3,2,3,3,2,2,2,2,2,2,3,2,3,3,3,2,2,3,3,4,2,2,4,4,2,2,3,1,2,1,1,4,4,5,4,5,2,5,5,7,7,7,5,3,4,6,6
1/2/2025 22:01,1/2/2025 22:12,0,1.46.147.9,100,650,1,1/2/2025 22:12,R_4963yXvddlQn0iD,,,,,13.7618,100.5324,anonymous,EN,1,2,21,สัตวแพทยศาสตร์,เกษตรศาสตร์,4,"1,2",-99,4,2,4,3,4,5,4,4,3,4,3,4,3,3,3,2,1,3,1,1,1,2,2,2,5,4,5,5,2,2,3,2,2,2,2,2,2,2,2,2,4,4,5,3,4,2,4,2,5,3,2,1,1,1,5,4
25/1/2025 23:13,25/1/2025 23:13,0,27.55.79.75,20,6,0,1/2/2025 23:13,R_4E45yjZ9Dn5c8JX,,,,,13.7749,100.5197,anonymous,EN,1,,,,,,,,,,,,,,,,,,,,,,,,,,,,,,,,,,,,,,,,,,,,,,,,,,,,,,,,,,,,,,,
25/1/2025 23:14,25/1/2025 23:15,0,27.55.79.75,73,90,0,1/2/2025 23:15,R_4ISIksVz4KaxAz3,,,,,13.7749,100.5197,anonymous,EN,1,2,22,สังคมสงเคราะห์,ธรรมศาสตร์,4,"1,2,3",-99,5,4,4,4,3,4,5,4,5,4,,,,,,,,,,,,,,,,,,,,,,,,,,,,,,,,,,,,,,,,,,,,,,
2/2/2025 0:05,2/2/2025 0:10,0,1.47.159.171,100,288,1,2/2/2025 0:10,R_4LnaYwDNokeANIE,,,,,13.7101,100.4543,anonymous,EN,1,2,22,ครุศาสตร์,จุฬาลงกรณ์มหาวิทยาลัย,4,"1,2,3",-99,4,2,2,1,5,4,2,3,4,1,3,4,4,3,2,1,1,4,4,4,2,1,5,4,3,5,5,5,2,5,5,5,2,5,2,5,4,4,1,3,1,5,5,5,4,1,7,6,7,7,7,7,7,2,7,4
2/2/2025 5:37,2/2/2025 5:44,0,49.48.229.120,100,375,1,2/2/2025 5:44,R_47r3KvGugb0Rl17,,,,,14.8042,100.6503,anonymous,EN,1,3,22,ครุศาสตร์,จุฬาลงกรณ์มหาวิทยาลัย,4,"1,2,3,4,5",Smart watches,2,2,1,1,1,1,2,3,2,2,2,2,1,1,1,1,1,1,2,1,1,3,1,1,2,2,2,2,4,2,1,1,4,1,3,1,1,2,1,2,2,3,3,3,3,2,4,4,5,5,6,5,5,3,3,3
2/2/2025 10:01,2/2/2025 10:07,0,49.230.72.84,100,406,1,2/2/2025 10:07,R_4k2sncf7Rb9zsyd,,,,,13.7101,100.4543,anonymous,EN,1,2,21,อักษรศาสตร์,มหาวิทยาลัยศิลปากร,4,"1,2,3",-99,5,3,4,4,5,5,5,4,5,4,3,4,4,4,2,2,2,3,2,2,4,2,5,5,5,5,5,5,2,2,4,2,2,5,1,4,4,4,5,5,5,5,5,5,5,2,5,4,5,5,6,4,3,6,7,7
2/2/2025 17:03,2/2/2025 17:11,0,1.2.206.75,100,469,1,2/2/2025 17:11,R_4d3Sa2oC0PyYuOH,,,,,17.7168,100.5445,anonymous,EN,1,1,22,ครุศาสตร์,จุฬาลงกรณ์มหาวิทยาลัย,4,"1,2,3",-99,2,1,1,2,1,1,1,3,1,1,1,2,2,2,1,1,1,1,1,1,1,2,3,1,3,3,2,3,4,2,2,1,4,1,4,1,1,3,4,1,1,5,1,4,1,2,4,2,2,2,2,2,2,2,4,4
2/2/2025 23:56,3/2/2025 0:01,0,171.101.104.85,100,299,1,3/2/2025 0:01,R_4h5PSjaUJAjXfIL,,,,,13.7101,100.4543,anonymous,EN,1,2,22,ดิจิตอลมีเดีย,มหาวิทยาลัยแม่ฟ้าหลวง,4,"1,2,3",-99,4,4,4,3,4,4,4,3,2,2,3,2,3,3,1,1,2,1,4,2,2,3,2,2,2,4,3,4,3,2,2,2,3,4,4,2,2,2,2,3,4,3,2,2,2,3,5,4,7,7,5,4,6,2,4,3
3/2/2025 0:00,3/2/2025 0:05,0,49.230.250.11,100,274,1,3/2/2025 0:05,R_4wUWpgYHQb33VD3,,,,,16.8358,100.2518,anonymous,EN,1,2,21,จิตวิทยา,จุฬาลงกรณ์มหาวิทยาลัย,3,"1,2,3,4",-99,4,3,4,4,4,5,5,5,5,4,3,3,3,3,2,3,2,2,4,3,3,3,2,2,3,4,4,2,3,2,3,4,4,4,4,2,1,1,2,2,3,4,5,3,4,2,6,5,7,7,7,6,6,5,7,6
3/2/2025 0:03,3/2/2025 0:24,0,161.200.190.54,100,1267,1,3/2/2025 0:24,R_4NEgwpSvg1mTypy,,,,,13.7749,100.5197,anonymous,EN,1,1,19,จิตวิทยา,จุฬาลงกรณ์มหาวิทยาลัย,1,"1,2,4",-99,4,2,3,5,4,3,2,4,4,4,3,2,4,2,3,4,3,2,3,2,2,4,3,1,4,2,3,3,4,2,1,1,4,5,3,1,2,5,4,1,4,4,2,1,3,3,3,1,7,6,7,6,2,3,5,5
3/2/2025 0:20,3/2/2025 0:24,0,161.200.190.68,100,296,1,3/2/2025 0:24,R_4XlpqSClRwePktP,,,,,13.7749,100.5197,anonymous,EN,1,2,22,บัญชี,จุฬาลงกรณ์มหาวิทยาลัย,4,"1,2,4",-99,5,5,4,3,2,4,4,3,5,4,4,3,3,3,1,1,2,3,3,3,2,2,1,2,4,5,5,5,3,3,3,1,2,5,3,1,2,2,2,2,4,3,2,2,4,1,7,7,7,7,7,7,7,5,6,7
3/2/2025 0:31,3/2/2025 0:44,0,161.200.190.148,100,783,1,3/2/2025 0:44,R_4d7fmGe0gRt7ZRD,,,,,13.7749,100.5197,anonymous,EN,1,1,21,ครุสาสตร์,จุฬาลงกรณ์มหาวิทยาลัย,3,"1,2,3",-99,3,2,3,4,2,3,3,4,2,3,2,2,2,2,1,3,1,2,1,2,1,4,4,1,2,5,4,4,3,2,4,3,2,1,2,1,1,4,4,3,1,3,3,2,4,2,5,4,6,6,6,4,2,1,4,2
3/2/2025 0:37,3/2/2025 0:44,0,161.200.190.160,100,410,1,3/2/2025 0:44,R_4YRllDkrJH67NJi,,,,,13.7749,100.5197,anonymous,EN,1,2,21,รัฐศาสตร์,จุฬาลงกรณ์มหาวิทยาลัย,2,"1,2",-99,4,2,3,3,1,1,3,1,4,3,2,2,4,2,3,2,1,4,2,2,1,3,1,1,1,3,5,3,3,3,3,2,3,3,2,2,3,2,3,3,4,3,4,2,2,1,7,6,7,7,7,7,5,7,7,4
3/2/2025 1:07,3/2/2025 1:24,0,161.200.190.200,100,1025,1,3/2/2025 1:24,R_9nAN6IbrQkGbuZb,,,,,13.7749,100.5197,anonymous,EN,1,2,22,อักษรศาสตร์,จุฬาลงกรณ์มหาวิทยาลัย,4,"1,2,3",-99,4,3,5,4,2,3,4,3,5,4,2,4,4,2,2,2,4,3,4,2,2,4,2,1,3,3,2,3,3,1,2,1,4,2,4,1,2,1,1,1,2,3,2,3,2,4,2,1,3,2,3,2,1,1,4,1
3/2/2025 3:49,3/2/2025 3:55,0,1.46.91.67,100,312,1,3/2/2025 3:55,R_4i0ImGMSpjLBTBn,,,,,13.7101,100.4543,anonymous,EN,1,4,20,สหเวชศาสตร์,จุฬาลงกรณ์มหาวิทยาลัย,2,"1,2",-99,5,5,4,5,4,4,5,4,5,5,4,2,4,4,2,3,4,4,4,4,2,4,1,1,2,2,3,2,4,1,1,1,2,1,3,1,5,1,3,3,1,1,1,1,1,4,6,6,6,7,7,7,7,7,7,3
3/2/2025 7:41,3/2/2025 7:54,0,1.46.144.185,100,790,1,3/2/2025 7:54,R_4s7ZaacpvuSxemJ,,,,,13.7618,100.5324,anonymous,EN,1,2,20,จิตวิทยา,-99,2,"1,2,4",-99,4,3,1,4,3,3,4,3,5,4,3,1,2,1,1,1,1,1,1,1,1,4,1,1,1,1,1,1,5,1,1,1,5,1,4,1,1,1,1,1,1,2,3,1,1,3,4,2,6,5,5,3,2,1,6,4
3/2/2025 21:32,3/2/2025 21:41,0,49.229.133.234,100,567,1,3/2/2025 21:41,R_4P6GpJmrcJDnjPT,,,,,13.7101,100.4543,anonymous,EN,1,2,19,เทคนิคการแพทย์,มหาวิทยาลัยสงขลานครินทร์,1,"1,2",-99,5,3,3,3,3,3,2,3,4,3,2,1,3,2,2,1,1,2,1,1,2,4,1,1,1,3,3,2,3,3,3,1,3,1,2,1,1,1,4,2,1,3,2,1,1,3,5,4,5,5,6,5,4,5,6,6
3/2/2025 22:03,3/2/2025 22:07,0,27.55.71.185,100,246,1,3/2/2025 22:07,R_4VPnyxoousKMNmp,,,,,13.7749,100.5197,anonymous,EN,1,2,22,ศึกษาศาสตร์,มหาวิทยาลัยเกษตรศาสตร์,3,"1,2,3",-99,3,3,2,4,4,5,4,5,4,5,2,3,3,3,2,2,2,2,3,3,3,4,4,3,4,4,4,4,3,4,4,3,2,3,2,4,3,3,3,3,4,3,3,3,3,3,5,5,6,6,7,6,5,6,6,6
3/2/2025 22:18,3/2/2025 22:23,0,27.55.92.111,100,323,1,3/2/2025 22:23,R_4pX31c2chkp8lTX,,,,,13.7101,100.4543,anonymous,EN,1,2,20,มัณฑนศิลป์,มหาวิทยาลัยศิลปากร,3,"1,2,3",-99,2,4,5,5,5,4,5,4,4,5,4,2,4,4,2,3,4,4,2,4,2,3,1,1,1,3,1,1,4,1,1,1,3,1,3,1,2,2,3,1,2,3,1,1,1,1,5,4,6,6,5,5,6,2,5,1
28/1/2025 1:59,28/1/2025 2:11,0,1.46.133.138,80,716,0,4/2/2025 2:11,R_4Km9tCanfuejHUD,,,,,13.7101,100.4543,anonymous,EN,1,2,21,จิตวิทยา,จุฬาลงกรณ์มหาวิทยาลัย,3,"1,2,3",-99,3,3,4,4,3,4,4,3,4,3,4,3,3,3,3,2,3,3,4,2,2,,,,,,,,,,,,,,,,,,,,,,,,,,,,,,,,,,,
28/1/2025 2:33,28/1/2025 2:37,0,49.229.130.151,80,261,0,4/2/2025 2:37,R_4KynSibPaEfPHeF,,,,,13.7618,100.5324,anonymous,EN,1,2,21,ดุริยางคศิลป์,มหิดล,4,"1,2",-99,3,4,3,2,1,2,3,5,3,4,4,4,4,2,2,1,2,2,3,3,2,,,,,,,,,,,,,,,,,,,,,,,,,,,,,,,,,,,
4/2/2025 4:02,4/2/2025 4:10,0,27.55.70.199,100,479,1,4/2/2025 4:10,R_42481WdgjeWLxq2,,,,,13.7749,100.5197,anonymous,EN,1,4,21,ศิลปศาสตร์,มหาวิทยาลัยสงขลานครินทร์,1,"1,2,3",-99,5,3,5,5,2,5,5,5,5,5,4,3,4,4,2,2,2,3,2,3,3,5,4,3,3,4,4,5,3,3,3,2,4,3,2,3,3,1,2,2,1,4,1,4,2,4,4,5,7,7,7,7,7,7,7,7
28/1/2025 4:52,28/1/2025 4:58,0,1.47.133.164,73,353,0,4/2/2025 4:58,R_4Z8gyrUPHb1YCEV,,,,,13.7618,100.5324,anonymous,EN,1,2,21,จิตวิทยา,จุฬาลงกรณ์,4,"1,2,3",-99,3,2,3,4,5,5,5,5,3,2,,,,,,,,,,,,,,,,,,,,,,,,,,,,,,,,,,,,,,,,,,,,,,
4/2/2025 19:08,4/2/2025 19:13,0,27.55.72.164,100,304,1,4/2/2025 19:13,R_99DyxyyMzaG1t8l,,,,,13.7618,100.5324,anonymous,EN,1,2,22,วิศวกรรมศาสตร์,มหาวิทยาลัยสงขลานครินทร์,2,"1,2,3,4",-99,3,1,3,4,1,5,3,4,1,4,2,3,2,2,1,1,2,2,1,2,2,4,3,4,3,4,5,5,2,3,3,2,3,3,2,4,5,4,2,2,1,4,4,3,4,1,6,4,7,7,7,7,6,6,7,7
29/1/2025 9:30,29/1/2025 9:31,0,171.99.155.88,20,5,0,5/2/2025 9:31,R_4jU7uEhioiM9vng,,,,,13.7159,100.417,anonymous,EN,1,,,,,,,,,,,,,,,,,,,,,,,,,,,,,,,,,,,,,,,,,,,,,,,,,,,,,,,,,,,,,,,
29/1/2025 21:33,29/1/2025 21:34,0,49.229.178.99,67,41,0,5/2/2025 21:34,R_4tPRqgCyGxhfuSd,,,,,13.7101,100.4543,anonymous,EN,1,1,26,rnaold,มหาวิทยาลัยเชียงใหม่,7,"1,2,4",-99,,,,,,,,,,,,,,,,,,,,,,,,,,,,,,,,,,,,,,,,,,,,,,,,,,,,,,,,
6/2/2025 0:50,6/2/2025 1:00,0,49.229.179.171,100,562,1,6/2/2025 1:00,R_4DUjChcf7nqWDPT,,,,,13.7101,100.4543,anonymous,EN,1,2,22,วิทยาศาสตร์,จุฬาลงกรณ์มหาวิทยาลัย,4,"1,2,3",-99,5,3,3,3,2,2,3,4,5,2,4,2,2,3,2,1,2,2,2,1,1,4,2,2,3,3,3,3,2,4,3,1,2,1,3,1,1,3,3,1,2,4,3,2,3,1,6,4,6,6,6,5,6,6,7,3
6/2/2025 0:59,6/2/2025 1:06,0,223.24.94.87,100,409,1,6/2/2025 1:06,R_48TeEaTXOvoSx35,,,,,13.7749,100.5197,anonymous,EN,1,2,21,ครุศาสตร์,จุฬาลงกรณ์มหาวิทยาลัย,2,"1,2,3",-99,3,1,1,3,2,3,2,3,2,3,3,3,3,1,1,1,1,2,2,2,1,2,3,4,5,3,2,4,2,2,2,5,2,3,1,5,2,3,1,2,3,4,3,3,2,1,3,3,2,1,2,2,2,4,5,7
6/2/2025 0:53,6/2/2025 1:06,0,161.200.191.198,100,774,1,6/2/2025 1:06,R_96gOoKolaHGpmPq,,,,,13.7749,100.5197,anonymous,EN,1,1,22,วิศวกรรมศาสตร์,จุฬาลงกรณ์มหาวิทยาลัย,4,"1,2,3",-99,3,4,3,2,2,2,2,3,2,2,3,2,3,2,1,2,1,2,1,3,2,2,3,2,3,4,4,3,2,3,3,2,2,3,3,3,2,3,4,3,3,4,3,2,3,2,5,3,3,5,3,2,2,2,5,5
6/2/2025 1:20,6/2/2025 1:28,0,161.200.190.232,100,463,1,6/2/2025 1:28,R_9iWO2lo3k80Fzjn,,,,,13.7749,100.5197,anonymous,EN,1,2,20,นิติศาสตร์,จุฬา,1,"1,2,3",-99,3,1,2,3,2,2,2,2,2,1,2,2,3,2,1,2,1,1,1,1,1,4,4,2,2,2,3,2,4,1,2,3,2,4,3,2,3,3,2,1,1,3,3,2,3,2,4,4,4,3,3,3,5,2,6,4
6/2/2025 1:40,6/2/2025 1:52,0,161.200.190.232,100,718,1,6/2/2025 1:52,R_9nJsLCRb4kIV1LP,,,,,13.7749,100.5197,anonymous,EN,1,1,23,นิติศาสตร์,จุฬาลงกรณ์มหาวิทยาลัย,2,"1,2,3",-99,4,3,2,2,1,4,4,5,4,2,2,1,2,1,1,1,1,1,2,1,1,3,4,1,4,5,4,5,2,4,4,1,2,4,3,1,3,3,2,4,4,3,5,3,3,1,7,7,7,7,7,6,7,7,7,7
6/2/2025 2:49,6/2/2025 2:55,0,49.229.160.80,100,360,1,6/2/2025 2:55,R_4YFd5YKjkrGQ1Sk,,,,,13.7101,100.4543,anonymous,EN,1,3,22,วิทยาศาสตร์,จุฬาลงกรณ์มหาวิทยาลัย,4,"1,2,3",-99,5,3,2,4,4,1,3,2,5,2,2,3,1,3,3,3,2,3,3,1,1,5,4,1,4,2,2,3,3,1,1,4,2,5,2,4,1,2,2,3,1,1,4,1,2,1,5,4,7,7,6,5,4,5,4,6
30/1/2025 22:59,31/1/2025 1:40,0,27.55.95.140,67,9634,0,7/2/2025 1:40,R_4M02WD4g6xufj69,,,,,13.7101,100.4543,anonymous,EN,1,1,23,จิตวิทยา,จุฬาลงกรณ์,4,"1,3",-99,,,,,,,,,,,,,,,,,,,,,,,,,,,,,,,,,,,,,,,,,,,,,,,,,,,,,,,,
7/2/2025 1:56,7/2/2025 2:19,0,49.229.173.32,100,1411,1,7/2/2025 2:19,R_4hurVitf9XoR2dH,,,,,13.7101,100.4543,anonymous,EN,1,2,21,จิตวิทยา,จุฬาลงกรณ์มหาวิทยาลัย,3,"1,2,3",-99,4,1,2,4,1,3,2,4,5,3,2,1,3,2,2,2,2,2,3,2,2,4,2,1,5,4,5,5,2,3,3,2,3,3,1,1,2,1,2,2,2,4,4,3,3,1,6,4,6,6,6,4,4,5,7,7
7/2/2025 2:18,7/2/2025 2:23,0,184.22.105.235,100,276,1,7/2/2025 2:23,R_96TXpJJ7reecBNv,,,,,13.7159,100.417,anonymous,EN,1,2,22,บริหารธุรกิจ,เกษตรศาสตร์ บางเขน,3,"1,2,4",-99,4,5,3,5,3,4,4,4,5,5,4,3,2,4,3,2,3,3,3,4,4,3,2,3,1,5,5,5,2,5,5,3,3,5,2,4,4,4,5,5,1,4,4,4,2,2,7,7,7,7,7,3,7,7,7,7
7/2/2025 2:21,7/2/2025 2:27,0,49.49.230.96,100,314,1,7/2/2025 2:27,R_4uOGG3sS7JS8etg,,,,,13.7326,100.539,anonymous,EN,1,2,22,จิตวิทยา,จุฬาลงกรณ์มหาวิทยาลัย,3,"1,2,3",-99,2,3,1,5,3,4,2,2,2,5,4,2,4,4,1,1,1,3,4,1,1,5,1,1,1,4,4,4,2,1,1,1,3,5,2,3,2,1,4,1,2,2,4,2,4,1,6,5,6,6,6,6,2,6,7,4
7/2/2025 3:40,7/2/2025 3:47,0,184.22.102.179,100,417,1,7/2/2025 3:47,R_9oGezvwaakIpvS9,,,,,13.733,100.4865,anonymous,EN,1,2,22,นิติศาสตร์,รามคำแหง,4,"1,2,3,4",-99,3,4,1,4,4,4,5,2,4,1,2,1,3,1,2,1,1,1,1,1,2,1,5,5,5,5,1,1,1,5,1,5,1,1,1,5,1,5,5,1,1,1,5,5,5,1,4,7,4,7,7,4,4,1,4,4
31/1/2025 9:05,31/1/2025 9:05,0,58.8.152.108,20,4,0,7/2/2025 9:05,R_4EhkQhYz27nCgNF,,,,,13.7159,100.417,anonymous,EN,1,,,,,,,,,,,,,,,,,,,,,,,,,,,,,,,,,,,,,,,,,,,,,,,,,,,,,,,,,,,,,,,
1/2/2025 2:38,1/2/2025 2:43,0,213.134.169.238,20,264,0,8/2/2025 2:43,R_2Pcl14mv5VdZQ7O,,,,,52.2299,21.0093,anonymous,EN,1,,,,,,,,,,,,,,,,,,,,,,,,,,,,,,,,,,,,,,,,,,,,,,,,,,,,,,,,,,,,,,,
1/2/2025 3:36,1/2/2025 3:38,0,124.122.132.55,67,104,0,8/2/2025 3:38,R_4Nqv8QP59KtFesn,,,,,13.7101,100.4543,anonymous,EN,1,-99,-99,-99,-99,-99,-99,-99,,,,,,,,,,,,,,,,,,,,,,,,,,,,,,,,,,,,,,,,,,,,,,,,,,,,,,,,
1/2/2025 4:21,1/2/2025 4:22,0,182.232.39.92,73,76,0,8/2/2025 4:22,R_4M6eCAO7fyl7yf2,,,,,13.7101,100.4543,anonymous,EN,1,1,22,วิศวกรรมศาสตร์,จุฬาลงกรณ์มหาวิทยาลัย,3,"1,2,3",-99,5,3,1,3,4,4,2,3,4,5,,,,,,,,,,,,,,,,,,,,,,,,,,,,,,,,,,,,,,,,,,,,,,
1/2/2025 4:24,1/2/2025 6:30,0,49.230.53.103,67,7567,0,8/2/2025 6:30,R_4I45LaRKlXxZgTu,,,,,13.8638,100.5998,anonymous,EN,1,2,22,เภสัชศาสตร์,มหาวิทยาลัยสงขลานครินทร์,2,"1,2",-99,,,,,,,,,,,,,,,,,,,,,,,,,,,,,,,,,,,,,,,,,,,,,,,,,,,,,,,,
1/2/2025 7:18,1/2/2025 7:19,0,182.232.30.255,20,55,0,8/2/2025 7:19,R_46vMxzhKXcGVQrv,,,,,13.7618,100.5324,anonymous,EN,1,,,,,,,,,,,,,,,,,,,,,,,,,,,,,,,,,,,,,,,,,,,,,,,,,,,,,,,,,,,,,,,
1/2/2025 22:13,1/2/2025 22:17,0,49.49.234.135,80,190,0,8/2/2025 22:17,R_4OPFgbaaywuaJoA,,,,,13.6984,100.4638,anonymous,EN,1,2,22,รังสีเทคนิค,มหิดล,3,"1,2,3,4",-99,4,2,2,4,3,3,4,4,5,3,3,4,4,3,1,2,1,2,3,3,2,,,,,,,,,,,,,,,,,,,,,,,,,,,,,,,,,,,
9/2/2025 20:40,9/2/2025 20:43,0,113.53.126.177,100,179,1,9/2/2025 20:43,R_9Cs6A0xs3JUqDlt,,,,,13.7101,100.4543,anonymous,EN,1,1,22,จิตวิทยา,จุฬา,3,"1,2,3,4",-99,5,2,5,4,5,5,5,5,5,5,4,4,4,4,1,2,2,4,2,4,4,2,2,1,1,3,5,5,5,5,5,2,5,5,3,1,1,1,3,1,1,4,3,3,3,1,6,7,6,7,7,7,7,7,7,6
9/2/2025 20:53,9/2/2025 21:04,0,161.200.190.66,100,674,1,9/2/2025 21:04,R_4NJg9BNrhSIvGO5,,,,,13.7749,100.5197,anonymous,EN,1,2,22,จิตวิทยา,จุฬาลงกรณ์มหาวิทยาลัย,3,"1,2,3",-99,4,5,4,4,3,4,4,5,4,4,3,4,4,3,2,2,3,3,3,3,2,4,4,4,4,5,2,4,2,4,4,2,2,3,2,3,2,4,3,4,4,4,4,2,4,2,6,5,5,5,5,5,3,5,6,5
9/2/2025 21:29,9/2/2025 21:34,0,49.230.59.110,100,311,1,9/2/2025 21:34,R_9MGrS62XjX0pzYE,,,,,13.859,100.4772,anonymous,EN,1,2,22,จิตวิทยา,จุฬาลงกรณ์มหาวิทยาลัย,4,"1,2,3",-99,5,4,3,5,3,3,4,3,5,3,4,3,4,2,1,1,2,3,4,3,2,3,4,3,5,4,3,3,2,3,2,3,2,3,2,3,3,2,3,2,2,4,4,2,3,1,6,2,6,6,6,6,4,3,5,4
10/2/2025 2:37,10/2/2025 2:58,0,161.200.190.16,100,1229,1,10/2/2025 2:58,R_4PaLxyxnwjHojLz,,,,,13.7749,100.5197,anonymous,EN,1,1,23,วิทยาศาสตร์การกีฬา,จุฬาลงกรณ์มหาวิทยาลัย,3,"1,2,3",-99,4,4,4,5,4,4,4,5,5,5,3,4,4,4,1,3,3,2,4,4,3,4,3,1,3,4,4,5,3,4,2,1,1,4,2,2,5,2,4,3,3,4,4,3,3,2,6,4,5,5,5,5,5,5,5,7
12/2/2025 7:58,12/2/2025 8:04,0,223.206.72.46,100,364,1,12/2/2025 8:04,R_49mAZaqkJLN1GXT,,,,,7.0113,100.4745,anonymous,EN,1,2,22,พยาบาลศาสตร์,มหาวิทยาลัยสงขลานครินทร์,4,"1,2,3",-99,5,3,1,5,4,4,2,4,4,4,4,3,2,2,1,1,1,2,1,2,2,3,1,1,3,4,3,3,2,2,3,1,2,4,4,2,2,2,1,2,3,4,3,2,2,1,5,3,5,5,3,3,4,3,5,5
12/2/2025 8:18,12/2/2025 8:40,0,110.168.240.3,100,1282,1,12/2/2025 8:40,R_9UcjxGiay9lxjfy,,,,,7.0113,100.4745,anonymous,EN,1,2,22,นิติศาสตร์,ธรรมศาสตร์,4,"1,2,3",-99,4,3,2,4,2,2,3,4,4,2,3,2,2,2,1,1,1,2,1,2,1,4,2,1,2,2,3,3,3,2,2,1,3,1,3,2,1,1,1,1,2,2,2,2,2,1,4,2,5,4,5,4,4,3,5,5
12/2/2025 10:00,12/2/2025 10:06,0,171.7.235.199,100,373,1,12/2/2025 10:06,R_9jdHfEJHeclAxPO,,,,,7.0113,100.4745,anonymous,EN,1,2,22,พยาบาลศาสตร์,มหาวิทยาลัยสงขลานครินทร์,4,"1,2,3",-99,4,3,2,4,3,4,4,3,5,4,4,1,3,3,1,2,2,3,3,3,2,5,2,1,3,4,4,4,3,2,3,2,3,4,3,3,1,1,3,3,4,2,3,2,2,2,4,5,5,5,5,5,4,2,5,5
12/2/2025 13:04,12/2/2025 13:16,0,182.232.224.55,100,720,1,12/2/2025 13:16,R_9EyGSERjy2oNSim,,,,,7.9833,98.3662,anonymous,EN,1,2,22,พยาบาลศาสตร์,มหาวิทยาลัยสงขลานครินทร์,4,"1,2,3",-99,4,3,3,5,4,4,3,4,4,4,2,2,3,3,1,3,2,2,1,1,1,2,1,1,1,3,3,3,2,4,3,3,2,4,1,4,4,2,4,4,3,4,5,4,5,1,6,5,7,7,7,5,7,6,6,6
12/2/2025 19:53,12/2/2025 20:42,0,110.164.246.188,100,2957,1,12/2/2025 20:42,R_42QFMoodSioEI67,,,,,7.0113,100.4745,anonymous,EN,1,2,22,ทันตแพทยศาสตร์,มหาวิทยาลัยสงขลานครินทร์,2,"1,2,3",-99,4,4,3,4,4,3,4,3,4,4,3,2,3,2,2,2,3,3,2,3,3,3,3,2,3,3,4,3,2,2,2,1,2,4,2,1,2,3,2,2,2,4,3,3,1,2,5,2,4,5,4,4,3,5,5,5
13/2/2025 0:21,13/2/2025 0:26,0,49.229.232.90,100,292,1,13/2/2025 0:26,R_9lzayovC1twfjV2,,,,,7.0113,100.4745,anonymous,EN,1,2,23,พยาบาลศาตร์,มหาวิทยาลัยสงขลานครินทร์,4,"1,2,3",-99,3,3,2,4,2,4,4,3,4,4,3,3,3,3,1,3,2,1,3,2,2,4,5,5,5,4,4,4,2,3,3,1,4,1,2,1,1,2,2,2,3,4,4,4,4,1,3,4,3,3,5,5,5,5,5,6
6/2/2025 1:02,6/2/2025 1:06,0,182.232.30.225,67,230,0,13/2/2025 1:06,R_9MRovO9A8BV30Nz,,,,,13.7749,100.5197,anonymous,EN,1,2,22,วิทยาศาสตร์,จุฬาลงกรณ์มหาวิทยาลัย,4,"1,2,3,4",-99,,,,,,,,,,,,,,,,,,,,,,,,,,,,,,,,,,,,,,,,,,,,,,,,,,,,,,,,
6/2/2025 5:11,6/2/2025 5:11,0,58.8.176.184,20,6,0,13/2/2025 5:11,R_4CWrP0FiiPD5B6x,,,,,13.7749,100.5197,anonymous,EN,1,,,,,,,,,,,,,,,,,,,,,,,,,,,,,,,,,,,,,,,,,,,,,,,,,,,,,,,,,,,,,,,
9/2/2025 23:56,10/2/2025 0:01,0,161.200.191.214,87,281,0,17/2/2025 0:01,R_4qqpYxMxIznwiuE,,,,,13.7749,100.5197,anonymous,EN,1,2,18,นิติศาสตร์,จุฬาลงกรณ์มหาวิทยาลัย,1,"1,2,3",-99,5,3,4,2,4,3,4,2,4,1,3,4,4,2,1,1,1,3,2,3,3,1,5,5,5,5,5,5,1,5,5,1,1,5,1,3,5,5,2,5,5,5,5,5,5,1,,,,,,,,,,
10/2/2025 0:01,10/2/2025 0:02,0,161.200.191.214,67,32,0,17/2/2025 0:02,R_9nAErjZGEvf9Wme,,,,,13.7749,100.5197,anonymous,EN,1,2,18,นิติศาสตร์,จุฬาลงกรณ์มหาวิทยาลัย,1,"1,2,3",-99,,,,,,,,,,,,,,,,,,,,,,,,,,,,,,,,,,,,,,,,,,,,,,,,,,,,,,,,
19/2/2025 20:49,19/2/2025 21:00,0,1.47.27.23,100,668,1,19/2/2025 21:00,R_4FxHnu3D002f7yh,,,,,13.7101,100.4543,anonymous,EN,1,2,21,วิทยาศาสตร์,ม.นเรศวร,3,"1,2,3",-99,5,2,3,3,2,3,4,5,4,3,3,4,2,2,1,2,1,2,1,2,1,3,2,2,1,2,3,3,3,3,3,3,3,4,3,2,1,2,3,3,2,4,2,2,2,1,-99,-99,-99,-99,-99,-99,-99,-99,-99,-99
